Name	o.rank	d.rank	g.rank	bib	age
Alicia Geth	2219	84	578	1000	49
Brigitte Grandmont	991	14	141	1001	47
Penny Guyton	1705	45	356	1002	46
Lorraine Hammond	1698	43	352	1003	48
Lori Haws	1539	35	292	1004	45
Stacie Hebert	2121	76	531	1005	46
Kelly Hill	2084	72	522	1006	47
Joyce Holsten	387	4	48	1007	46
Jennifer Hoy	DNF	NA	NA	1008	46
Imei Hsu	2224	85	581	1009	49
Susie Kelly	288	7	30	100	30
Linda Hurley	497	6	64	1011	47
Nathalie Jacques	DNF	NA	NA	1012	48
Charlotte Johnson	2145	78	543	1013	48
Mary-Elizabeth Jones	1450	29	256	1014	45
Samantha Joseph	1701	44	354	1015	47
Carmella King	2122	77	532	1016	45
Sandra Konopka	1939	60	461	1017	45
Nancy Lajoie	328	3	34	1018	47
Elise Laroche	2044	68	505	1019	NA
Shannon Florea	DNF	NA	NA	101	39
Samantha Lee	1693	42	349	1020	49
Tracy Lehner	DNF	NA	NA	1021	47
Kristin Mara	2193	82	567	1022	48
Dawn Marinelli	1918	59	452	1023	46
Tamara Marston	DNF	NA	NA	1024	45
Jeanette Mccue	2236	86	585	1025	46
Michelle Mercier-Link	DNF	NA	NA	1026	49
Kimberly Messa	2215	83	576	1027	45
Sonya Misiaszek-Monterose	1828	57	410	1028	47
Kellie Nasiff	1785	52	391	1029	45
Robyn Hardage	41	1	3	102	35
Jennifer Nielsen	1271	25	207	1030	47
Kimberly Orr	2052	69	508	1031	44
Melissa Ossanna	DNF	NA	NA	1032	46
Paula Pock	2101	74	526	1034	45
Kim Pollock	1500	32	279	1035	46
Deana Porter	1823	55	408	1037	45
Susan Roman	DNF	NA	NA	1038	45
Stephanie Rose	629	7	81	1039	47
Mackenzie Yates	270	7	27	103	35
Chantil Ruud	1087	17	163	1040	44
Jennifer Sauickie	1614	40	320	1043	44
Christine Stamper	2054	70	509	1045	46
Terrie Tillman	1948	61	465	1047	48
Melinda Vaturro	1217	23	197	1049	44
Maggie Bradley	442	4	55	104	41
Michele Vesely	DNF	NA	NA	1050	47
Debbie Ward	2116	75	529	1051	45
Angelica Webb	1142	20	180	1052	44
Carole Weiland	1784	51	390	1053	45
Ayn Wilcox	1557	36	301	1054	46
Daphne Wilkinson	2179	80	561	1055	47
Cassie Winter	1345	26	226	1056	48
Suzanne Zmenak	1148	21	182	1057	48
Leslie Achtem	1047	13	151	1058	50
Judy Andrew Piel	485	4	61	1059	54
Susan Corti	475	5	59	105	46
Esther Aronson	1679	39	346	1060	51
Stephanie Ash	DNS	NA	NA	1061	50
Martha Bannock	DNF	NA	NA	1062	52
Dalene Baron	1707	41	357	1063	51
Dolores Berube	1224	21	199	1064	51
Lynda Berube	1626	34	325	1065	51
Cindy Bisson	2200	66	570	1066	49
Helene Boivin	2155	64	548	1067	52
Louise Chercuitte	1219	20	198	1068	54
Gale Chevalier	911	10	125	1069	51
Jill Kralovanec	1137	19	178	106	49
Carolyn Classen	1983	56	477	1071	52
Mary Dalaba	DNF	NA	NA	1072	51
Janet Davidson	1448	26	255	1073	53
Karen Desimone	1102	15	168	1075	52
Robyn Dicesare	1888	50	438	1076	52
Kristine Dipalo	1556	30	300	1077	52
Jesula Drouillard	1336	23	222	1078	50
Christa Dwyer	1704	40	355	1079	50
Helene Desrosiers	354	1	43	107	52
Michelle Dwyer	1997	57	483	1080	52
Gabriella Eustace	1924	54	455	1081	50
Helene Fortier	909	9	124	1082	52
Sharon Foster	1849	48	420	1083	51
Aliicia Furrer	1668	38	339	1084	49
Anne-Marie Gareau	2100	61	525	1085	49
Sophie Goldine	1244	22	203	1086	NA
Sarah Halpin	1708	42	358	1088	50
Signe Hansen	2031	59	499	1089	51
Victoria Hunter	1559	31	302	1092	53
Cynthia Johnson	1820	47	406	1094	53
Therese Johnston	1742	44	374	1095	52
Elizabeth Keachie	1778	45	387	1096	50
Katja Lackey	1891	51	439	1097	50
Michele Lalonde	1934	55	458	1098	51
Elaine Laroche	2123	62	533	1099	50
Joan Stepler	1116	16	173	109	52
Chris Leiferman	1	1	1	10	30
Sylvie Larose	DNF	NA	NA	1100	50
Debra Lazaro	1561	32	303	1101	53
Christine Leger	930	11	132	1102	49
Eileen Luxton	1633	35	328	1103	50
Erica Mantay	1153	17	184	1104	NA
Kim Martin	2154	63	547	1105	51
Kathleen Mccullough	1859	49	425	1106	53
Danielle Mcgregor	1652	37	334	1107	50
Josephine Mori-Stoodley	1174	18	188	1109	52
Anim Swart	686	6	89	110	51
Peggy Sue Moyle	DNF	NA	NA	1110	53
Katherine Nichols	419	3	51	1111	50
Lambrina Nikolaou	1643	36	331	1112	51
Mary Otto	2022	58	494	1113	50
Michele Patry	DNS	NA	NA	1114	51
Melissa Rowe	1354	24	230	1115	49
Shirley Shepardson	1735	43	371	1117	52
Janet Smith	DNF	NA	NA	1118	52
Donna Smrek	2076	60	514	1119	51
Natalie Grabow	1873	1	431	111	71
Cyndi Sniezek	1923	53	454	1120	53
Michelle Swanson	1605	33	316	1121	52
Lucie Turcotte	405	2	50	1122	50
Michele Turcotte	2214	68	575	1123	51
Diane Turgeon	1805	46	402	1124	53
Louise Valois	DNS	NA	NA	1125	53
Robin Venick	DNF	NA	NA	1126	53
Cheryl Waldron	1906	52	445	1127	50
Marce Willard	1531	28	289	1128	51
Joan Baxter	1530	9	288	1129	55
Jan Boland	1650	15	333	1130	57
Stephanie Colburn	DNF	NA	NA	1131	56
Jean Compton	1768	18	384	1132	57
Cydney Faul-Halsor	1227	6	200	1135	54
Wendy Fretz	1833	21	412	1136	55
Dawn Garlough	2042	26	504	1137	57
Mari Glamser-Samuel	DNF	NA	NA	1138	57
Michele Granger	DNF	NA	NA	1139	58
Dan Szajta	23	4	21	113	28
Brigitte Guay	1838	22	415	1140	56
Farida Kerrouche	1868	24	428	1141	NA
Denise Landry-Nadeau	1541	10	293	1142	55
Jo-Anne Lane	1607	12	317	1143	NA
Manon Mercier	1673	16	343	1145	57
Dianne Morrison	1758	17	380	1147	54
Jean Nesbitt	2250	30	589	1148	57
Brenda Oatway	1779	19	388	1149	NA
Julien Biboud	87	17	80	114	30
Candy Otoole	2030	25	498	1150	56
Cheryl Parsons	1618	13	322	1151	54
Lise Proulx	927	2	131	1152	59
Donna Richardson	1176	4	189	1153	57
Jill Schapiro	DNF	NA	NA	1154	58
Mary Smith	2135	27	538	1156	57
Janette Spring	1855	23	424	1157	55
Jill Starz	1630	14	327	1158	57
Julie Valenti	1343	8	224	1159	55
Jerome Bresson	10	1	10	115	33
Debra Vieira	DNF	NA	NA	1160	55
Christine Walsh	1208	5	194	1161	58
Terry Williams	DNF	NA	NA	1162	59
Lucie Boudreau	1941	3	462	1163	59
Elizabeth Carroll	DNF	NA	NA	1165	62
Jennifer Eckert	1748	1	375	1166	62
Kitty Fair	DNF	NA	NA	1168	NA
Madeline Journey-Lynn	1979	4	476	1169	60
Nicolas Courville	39	7	37	116	32
Wanda Karia	2074	6	513	1170	62
Leslie Mellet	1788	2	394	1171	62
Esther Pauls	2115	8	528	1172	62
Virginia Touhey	2199	9	569	1173	60
Joan Tranmer	DNF	NA	NA	1174	63
Nancy Lieberman	2178	1	560	1175	66
Charles-Eric Benoit	1578	36	1269	1178	23
Ben Besse	81	2	75	1179	24
Eduardo De La Garza	372	56	327	117	32
Camil Blanchet	1098	23	932	1180	21
Julien Blanchet	863	16	748	1181	23
Chris Boileau	1379	32	1143	1182	21
Connor Boyd	1753	40	1376	1185	22
Samuel Caramante	2164	47	1614	1186	20
Trevor Clark	199	3	182	1187	22
Olivier Cote	915	18	790	1188	23
Philippe Cousineau	866	17	751	1189	23
Marc-Antoine Langlois	55	12	52	118	33
Nick Damico	935	19	802	1190	22
David Des Rochers	2010	44	1520	1191	21
Jean-Christophe Desmarais	DNF	NA	NA	1192	21
Brett Deters	641	13	559	1193	22
Zachary Devries	1071	21	913	1194	22
Chris Dissegna	2234	48	1651	1195	23
Alexandre Duranceau	1108	24	936	1196	22
Scott Elder	636	12	554	1197	23
Pier-Luc Fortin	1317	29	1101	1198	20
Chris Sanders	323	48	290	119	34
Chris Bagg	DNF	NA	NA	11	37
Jean-Francois Gagnon	1318	30	1102	1200	20
Gavin Gilmour	529	9	460	1201	22
Soleien Gomez-Monastesse	1006	20	865	1202	24
Felix Heroux-Boisvert	413	6	363	1203	19
Karl Hoppner	838	15	731	1204	23
Anthony Kita	DNF	NA	NA	1205	22
John-Paul Koenig	520	7	453	1206	22
Rajit Krishnamurthy	DNF	NA	NA	1207	23
Charles-Antoine Lafleur	1424	34	1176	1208	21
Benjamin Lebrun	2035	45	1534	1209	23
Michael Spiegel	31	5	29	120	33
Nick Mariano	2163	46	1613	1210	21
Darragh Monaghan	1180	25	991	1211	19
Cameron Neeley	1583	37	1274	1212	18
Tom O'Donohue	1249	27	1044	1213	20
Frederik Pouliot	1390	33	1148	1214	24
Nicholas Predki	1281	28	1073	1215	23
Derek Quong	1085	22	923	1216	18
Luke Rahm	1865	42	1439	1217	22
Carter Reading	1564	35	1260	1218	22
Laurent Rene De Cotret	1829	41	1419	1219	24
Mike Vanacora	25	4	23	121	30
Philippe Rich	1349	31	1122	1220	22
Benjamin Rudson	33	1	31	1221	21
Andrew Shure	2008	43	1518	1222	24
Julien Simard	1706	39	1350	1223	23
Temple Sloan	522	8	455	1224	24
Adam Szkraba	1188	26	997	1226	24
Francis Tremblay	799	14	696	1227	23
Duncan Webster	548	10	477	1228	23
Jean Amiouny	1691	111	1343	1229	26
Greg Binns	42	6	39	122	35
Cathy Salvo	DNF	NA	NA	1230	47
Assaf Barkaie	859	75	745	1231	29
Michael Barth	1728	114	1362	1232	26
Nick Bedbury	264	32	238	1233	27
Taylor Black	414	42	364	1234	26
Gabe Blanchet	1097	86	931	1235	25
Nicholas Blanchet	620	60	540	1236	27
Collin Bland	1404	102	1161	1237	25
Kevin Blouin	1123	87	950	1238	28
Jonathan Bond	1574	107	1267	1239	25
Francky Favre	36	4	34	123	39
Vincent Boulanger	254	30	229	1240	28
Gordie Bufton	279	33	251	1242	28
Chris Busset	69	11	65	1243	24
Adrian Byers	1926	122	1471	1244	26
Andrew Cahill	580	56	505	1245	25
Cody Caissie	291	34	261	1246	24
Sean Cameron	1571	106	1264	1247	26
Benjamin Caplin	726	65	632	1248	28
Jeff Carrol	435	43	384	1249	28
Brian Harapnuk	136	23	122	124	35
Alan Carstens Robert	1781	116	1393	1250	28
Adam Cella	1663	110	1325	1251	26
Benjamin Cohen	886	79	770	1252	26
Jacob Conner	DNF	NA	NA	1253	25
Tyler Coquelin	523	53	456	1254	26
Ludovic Croteau	1864	121	1438	1255	27
Olivier Daoust	1322	94	1104	1256	26
Jordan David	1400	101	1158	1257	24
Joshua David	1209	90	1015	1258	27
Jeffrey Day	970	82	834	1259	26
Jp Leclerc	70	12	66	125	34
Daniel Demarco	1364	96	1130	1260	25
Tom Dennis	2191	126	1626	1261	28
Michael Devlin	823	74	718	1262	26
Rui Dong	2237	128	1652	1263	26
Pierre-Marc Doyon	7	1	7	1264	26
Nathan Dubois	2166	125	1615	1265	28
Raphael Fontaine	612	59	532	1267	25
Robert Forshaw	874	77	759	1268	25
William Fortin	133	17	119	1269	27
Tyler Long	382	64	335	126	38
Alexandre Gagnon	56	7	53	1270	28
Simon Giguere	DNF	NA	NA	1272	25
Maurice Goldstein	325	38	292	1273	29
Remi Gourdeau	375	39	329	1274	28
Steven Halewski	294	35	264	1275	27
Brendan Heller	1004	83	863	1276	26
John Hillman	750	71	653	1278	28
Chris Jackson	DNF	NA	NA	1279	NA
Kevin Van Geest	59	10	56	127	NA
Joshua Jahani	1841	120	1425	1280	NA
Paul Jakinovich	931	81	799	1281	27
Sam Johnson	1438	105	1186	1282	25
Olivier Jolicoeur	1163	88	977	1283	26
Joel Kenney	744	69	648	1284	27
Cason King	640	62	558	1285	26
Julien Lacombe	146	18	131	1286	28
Francois-Yves Lafleur-Pepin	DNF	NA	NA	1287	29
Kevin Lampron	1419	103	1173	1288	25
Victor Larocque	DNF	NA	NA	1289	25
Scott Yates	114	19	105	128	35
Charlie Larsen	378	40	331	1290	25
Simon Leblanc	65	9	61	1291	25
David Lemonde	1724	113	1359	1292	NA
Sebastien Letendre	215	28	196	1293	29
Dany Malley	194	25	177	1294	26
Michael Mason	198	27	181	1295	28
Antoine Matteau	22	3	20	1296	27
Daniel Mcgee	1831	119	1421	1297	NA
Ian Mcgrew	1171	89	984	1299	29
Olivier Beauvais	DNF	NA	NA	129	44
Timothy Clarke	15	10	15	12	33
Matthew Mendonca	2220	127	1642	1300	28
Brendan Meyers	1376	99	1140	1301	28
Jovan Milosevic	1809	118	1407	1303	25
Scott Mingay	98	14	89	1304	27
Etienne Miron	481	48	421	1305	26
Kevin Moran	476	47	417	1306	27
Sandro Nuesch	881	78	765	1307	29
Pablo Orozco	1713	112	1354	1308	25
Lucas Pardew	586	57	510	1309	29
Martin Pauze	577	55	502	1310	28
Matthieu Pelard	155	21	140	1311	28
Tyler Peraino	910	80	786	1312	25
Matti Pihlainen	1228	91	1028	1313	25
Hunter Proctor	547	54	476	1314	27
Ryan Purves	402	41	353	1315	29
Matt Robertson	738	66	642	1316	28
Jonathan Rochefort	44	5	41	1317	28
Alexis M. Rodriguez	1594	108	1280	1318	28
Matthew Rolf	512	50	446	1319	25
Bryan Delgado	134	22	120	131	43
Xan Rousselle	2023	124	1529	1320	28
Dominik Rymsza	603	58	525	1321	28
Shane Scott	637	61	555	1322	27
Eliot Scymanski	147	19	132	1323	25
Samuel Sevigny	1773	115	1388	1324	26
Simon Gagnon-Brassard	92	13	83	1325	NA
Adam Smith	257	31	232	1326	29
Mitchell Smolen	436	44	385	1327	27
Derrik Sweeney	763	72	666	1329	24
Stephen Sweeney	699	63	608	1330	29
David Tanguay	1661	109	1324	1331	26
John Taska	DNF	NA	NA	1332	28
Guillaume Tessier	1368	97	1134	1333	28
David Tiede	1962	123	1493	1334	25
Sam Torney	1326	95	1107	1335	NA
Mathieu V.Rocheleau	115	16	106	1336	27
Jean-Samuel Vachon	449	45	393	1337	27
Hendrik Van Holsbeeck	517	52	451	1338	26
Mark Van Thournout	701	64	609	1339	26
Jean-Francois Veilleux	821	73	716	1340	28
Daniel Ware	1371	98	1136	1341	29
Justin Weiner	193	24	176	1342	28
Tyler Woodbury	86	12	79	1345	26
Mike Yetisir	1377	100	1141	1346	25
Jeremy Zoutman	1422	104	1175	1347	28
Ross Zuckerman	868	76	753	1348	28
Matthew Aune	1003	131	862	1349	34
Eric Perron	163	30	147	134	41
Kiley Austin-Young	DNF	NA	NA	1350	29
Mike Avery	DNF	NA	NA	1351	31
Reuben Baris	1187	141	996	1352	33
Benjamin Batson	DNF	NA	NA	1353	32
Lemuel Beauchamp	872	114	757	1354	33
Ryan Beck	638	85	556	1355	33
James Bennett	1199	144	1007	1356	31
Joe Bertha	2036	198	1535	1357	33
Julien Bertrand	798	104	695	1358	32
Guillaume Biron	724	100	630	1359	31
Sylvain Prenel	395	79	346	135	44
Francis Boucher	975	127	839	1360	33
Paul Philippe Boucher	1863	190	1437	1361	33
Jean-Baptiste Brasseur	461	65	404	1362	31
Daniel Brewer	751	102	654	1363	34
Seth Brewer	973	126	837	1364	NA
Kenny Brighton	DNF	NA	NA	1365	31
Hugues Bruneau	885	116	769	1366	29
Jordan Bryk	1965	193	1496	1367	31
Andre Bureau	229	39	210	1368	30
Kevin Bush	847	112	737	1369	31
James Schriel	144	28	129	136	40
Matt Campbell	1683	180	1336	1370	31
Christopher Cary	634	83	552	1371	33
Andrew Cashion	72	15	68	1372	30
Mike Celentano	1277	156	1069	1373	30
Jason Chapieski	845	111	736	1375	33
Mark Chiovitti	1689	183	1341	1376	30
Ross Clover	2021	197	1528	1377	31
Adam Cohen	1088	134	925	1378	31
Nicholas Coleman	1743	185	1369	1379	31
Gareth Scobie	141	27	127	137	42
Timothy Collins	110	20	101	1380	33
Chuck Compson	1521	173	1235	1381	32
David Concepcion	1110	136	938	1382	34
Andrew D'Agati	1075	133	917	1383	34
Josh Davis	1394	163	1152	1384	29
Arnaud Demoncheaux	1222	149	1024	1386	34
Alexandre Desmeules-Gagnon	1569	175	1263	1387	31
Daniel Dillon	1544	174	1250	1388	34
David Doherty	54	11	51	1389	33
Marc Arseneau	177	21	161	138	48
Jean-Francois Duquette	1279	157	1071	1390	34
Richard Dyrkacz	1796	186	1398	1391	32
Damien Fauve	201	34	184	1393	34
John Jr Finn	1161	139	975	1395	34
Will Foran	1185	140	994	1396	30
Chris Forstinger	1579	177	1270	1397	32
Nicolas Fortin	740	101	644	1398	32
Matthew Freiman	157	27	142	1399	33
Steeve Carpentier	37	3	35	139	47
Andrew Frey	487	67	426	1400	31
Cesar Fuentes-Ortega	704	96	612	1401	30
David Gagnon	1511	172	1231	1402	33
Frederic Gariepy	DNS	NA	NA	1403	30
Jacques Jr Gelinas	121	21	110	1405	32
Yannick Gentes	1189	142	998	1406	33
Tanner Gervais	611	79	531	1407	31
Pascal Gingras	1265	153	1059	1409	33
Keith Couvillion	342	41	302	140	44
Grant Gipson	460	64	403	1410	31
Eric Gluck	2157	203	1608	1411	32
Jimmy Gosselin	13	2	13	1412	32
Mark Grandbois	1688	182	1340	1413	31
Ryan Grant	381	58	334	1414	34
Justin Graves	DNF	NA	NA	1415	31
Andrew Grove	181	32	165	1417	30
Mark Guichelaar	1215	147	1019	1418	34
Adam Gunn	830	109	725	1419	32
Steven Enis	989	142	849	141	46
Randall Hines	853	113	740	1420	32
Brandon Hogan	1815	187	1411	1421	33
Ian Holland	1430	164	1180	1422	32
Tyler Holtzman	1267	154	1061	1423	31
Johnathan Hostick	176	30	160	1424	32
Sylvain Houle	1684	181	1337	1425	30
David Howe	969	124	833	1426	30
Eric Fabian Humes	1096	135	930	1427	34
Douglas Ianuario	663	88	577	1428	31
Jeffrey Irvine	628	81	548	1429	33
David Hynan	1213	175	1017	142	47
Nicholas Jemo	2202	206	1632	1430	32
Eric Johanssen	1332	160	1112	1431	34
Alexander Kaz	340	51	300	1433	30
John King	2223	208	1643	1434	30
Alan Kirby	370	55	325	1435	30
David Krueger	63	14	60	1436	30
Noah Krzan	796	103	693	1437	30
Jean-Francois Labonte	DNF	NA	NA	1438	31
Pierre-Yves Lacroix	1252	152	1047	1439	30
Peter Lamb	2169	205	1616	1440	29
Alexis Lambert	1207	145	1014	1441	31
Dominick Landry	1439	165	1187	1443	32
Etienne Lapointe	955	121	821	1444	30
Simon Lapointe	311	45	279	1445	31
Mathieu Latouche	718	99	625	1446	30
Phil Lavoie	918	118	792	1447	32
Jeremy Law	692	94	601	1448	34
Eric Lawrie	919	119	793	1449	34
Ludovic Meheust	153	15	138	144	49
Jeff Leavitt	514	69	448	1450	30
Olivier Leblanc	1719	184	1357	1451	29
Dominik Lemieux	327	49	294	1452	33
Kurt Lesker	1221	148	1023	1453	33
Kevin Lessard	145	26	130	1454	30
Michel Lessard	652	86	568	1455	34
Jeffery Lisea	DNF	NA	NA	1456	29
Vincent Longpre Croteau	1251	151	1046	1457	30
David Lyons	818	107	713	1458	29
Man Kwan Ma	1837	189	1423	1459	33
Attila Meretei	164	17	148	145	45
Raphael Mahpour	1389	162	1147	1460	31
Jason Major	1992	194	1511	1461	31
Laurent Malo	1001	130	860	1462	33
Francis Martin	60	13	57	1463	NA
Mathew Mcclellan	665	89	579	1465	30
Tyler Mcdannold	1272	155	1065	1466	33
Garon Mchone	579	74	504	1467	31
Scott Mcneany	129	25	116	1468	32
Alejandro Mendoza	1581	178	1272	1469	32
Scott Tompkins	80	8	74	146	47
Pierre Luc Mercier	585	75	509	1470	33
Vincent Mercier	179	31	163	1471	33
Jesse James Micak	672	90	586	1472	31
Nathan Miller	1632	179	1305	1473	30
Ryan Mitchell	597	76	519	1475	30
Sergey Mkrtchyan	632	82	550	1476	30
Ryan Monaghan	570	72	496	1477	30
Daniel Berlay Montes De Oca Lindoro	832	110	726	1478	NA
Michael Morris	1506	170	1226	1479	34
Christopher Morton	804	105	701	1480	31
Jon Morton	94	18	85	1481	33
Andy Moser	1890	191	1452	1482	33
Stuart Munro	380	57	333	1483	33
Chris Murnane	1466	166	1202	1484	29
Steven Murphy	2206	207	1635	1485	30
Carl-Etienne Nault-Cloutier	712	97	619	1486	33
Samuel Nudelman	1382	161	1145	1488	30
Neftali Ocasio	1113	137	941	1490	30
Dan Pauls	369	54	324	1492	NA
Zack Peckham	313	46	280	1493	31
Alexandre Pedneault	172	29	156	1494	31
Martin Perrier	1996	195	1514	1495	NA
Maurice Pianko	DNF	NA	NA	1496	32
Philippe Poitras-Lafrance	290	43	260	1497	33
Joey Postma	2059	200	1549	1498	29
Joseph Powers	953	120	819	1499	33
Guy Lefebvre	85	3	78	149	54
Matthew Curbeau	DNS	NA	NA	14	30
Jonathan Prince	430	62	379	1500	34
Zach Proulx	399	60	350	1501	32
Justin Pugliese	275	42	247	1502	31
Jesus Quinones	1241	150	1040	1503	32
Miko Quisumbing	1325	159	1106	1504	NA
Brad Radkoski	386	59	339	1505	30
Jagannath Rajasekaran	2103	201	1577	1506	30
Gabriel Rancourt	1577	176	1268	1507	30
Christian Richards	505	68	439	1509	32
Bruno Rigillo	1913	192	1464	1510	33
David Rivest	604	77	526	1511	32
Michael Robertson	1470	167	1205	1512	NA
Blair Robinson	814	106	709	1513	33
Ben Rotherham	126	24	115	1514	29
Sylvain Roy	654	87	569	1515	33
Juan Manuel Ruacho	688	92	599	1516	33
Adam Ruszkowski	1150	138	967	1517	31
David Sedelnick	314	47	281	1518	33
Elliott Sheaves	2114	202	1587	1519	32
Craig Stoller	392	9	343	151	55
Benjamin Sheldon	243	41	222	1520	31
Jason Short	2048	199	1542	1521	30
Matt Silvestrini	2019	196	1526	1523	32
Thomas Smith	1816	188	1412	1524	32
Tyler Solonenko	1211	146	1016	1525	31
Derek Stephens	972	125	836	1526	33
Justin St-Maurice	2159	204	1610	1527	32
Arthur Sullivan	635	84	553	1528	29
Jean-Mathieu Tardif	220	38	201	1529	32
Fred Skinner	569	1	495	152	66
Dustin Thiffault	690	93	600	1530	32
Dany Tremblay	702	95	610	1531	33
Matt Tribe	361	52	317	1532	30
Karl Jansen Tubo	1507	171	1227	1533	31
Ryan Ung	34	6	32	1534	30
Steven Vadnais	443	63	388	1535	33
Simon Vaillancourt	619	80	539	1536	33
Sebastien Vallee	1504	168	1224	1538	34
Steve Vallieres	122	22	111	1539	34
Stephen Smith	592	2	515	153	66
Bryan Vargas	1320	158	1103	1541	30
Raphael Veilleux	DNF	NA	NA	1542	32
Dave Vigneault	160	28	144	1543	32
Misa Vujaklija	2248	209	1660	1544	30
Taylor Weber	483	66	423	1545	30
Matthew Wontz	218	37	199	1546	33
Tom Yost	980	128	843	1547	31
Matthew Zucker	DNF	NA	NA	1548	32
Christopher Zuk	1505	169	1225	1549	34
Kayla Jones	1065	3	155	154	22
Jeff Addison	1278	168	1070	1550	38
Craig Aguiar-Winter	946	127	813	1551	38
Michael Allen	864	123	749	1553	38
Corey Allison	1960	226	1491	1554	38
Laurent Armstrong	1051	144	899	1555	37
Gilles Arsenault	1667	210	1329	1556	38
Brian Aubuchon	DNF	NA	NA	1557	38
Frederic Ayotte	994	136	853	1558	36
Sid-Ali Azouagh	305	56	274	1559	39
Joannie Sanche	142	3	15	155	27
Frederic Bard	1316	174	1100	1561	37
Jason Barletta	1772	217	1387	1563	35
Eddy Baynham	1269	166	1063	1564	38
Benoit Beland	1398	186	1156	1565	36
Nicolas Belanger	DNS	NA	NA	1566	34
Jose Benitez	1598	202	1284	1567	39
David Benoit	1591	200	1278	1568	38
Benjamin Blake	266	45	240	1569	38
Elinore Stabert	1035	16	149	156	27
Drew Blanchette	1848	221	1429	1570	38
Charles Bobal	1078	147	919	1571	34
Joshua Boles	DNF	NA	NA	1572	39
Joel Bonniez	1876	222	1445	1573	34
Dominic Bouchard	DNF	NA	NA	1574	39
Sebastien Bouchard	837	120	730	1575	35
Mathieu Boucher	531	83	462	1576	39
Erick Brandt	214	37	195	1577	38
Brian Breck	816	118	711	1578	35
Olivier Breton	248	41	226	1579	38
Allison Wong	807	11	104	157	27
Rudy Brochu	211	36	192	1580	37
Patrice Brunelle	1194	156	1003	1581	37
Thomas Burt	315	58	282	1582	37
Jean-Philippe Buteau	954	130	820	1583	36
Philip Carlson	1709	213	1351	1584	38
Benjamin Cavez	582	91	507	1585	36
Shawn Chevalier	2107	233	1580	1586	38
Carlos Concepcion	1134	149	957	1587	35
Mike Cooke	180	29	164	1588	NA
Jean-Francois Cossette	1294	171	1083	1589	38
Guy Jr Coutu	493	79	430	1590	38
Renato Dalboni	948	129	815	1591	38
Eric Daye	583	92	508	1592	35
Jeremiah Dekle	1206	159	1013	1593	37
Niki Demers	404	68	355	1594	34
John-Paul Di Fazio	1446	189	1192	1595	39
James Diaz	687	105	598	1597	37
Chad Dickinson	308	57	276	1598	39
Brian Dion	1599	203	1285	1599	35
Samantha Cochrane	786	28	100	159	34
Cody Dolly	316	59	283	1600	36
Jim Donnelly	559	88	487	1601	37
Eric H. Doss	2148	238	1603	1602	36
Jean-Daniel Dubois	210	35	191	1603	38
Jean-Francois Dupont	267	46	241	1604	35
Stanley Dymecki	DNF	NA	NA	1605	35
Fran Egan	135	22	121	1606	38
Arad Elahi	623	96	543	1607	35
John Figliolini	590	93	514	1609	36
Karim Fortes Lezama	1374	181	1138	1611	39
Bryan Fromstein	1373	180	1137	1612	37
Matthew Funston	996	137	855	1613	38
Shinichiro Fuse	1333	175	1113	1614	37
Matthew Galvin	1680	212	1334	1616	35
Vincenzo Garganese	1453	190	1196	1618	35
Jonathan Garneau	797	115	694	1619	37
Cindy Dubois	190	3	17	161	31
Gerardo Garza	789	113	688	1620	37
Jonathan Gauthier	974	132	838	1621	34
Jeremy Gheller	947	128	814	1622	37
Olivier Girouard	100	16	91	1624	35
Michael Glekel	2132	236	1596	1625	36
Claude Godmer	670	102	584	1626	34
Adam Golden	162	25	146	1627	39
J.C. Gould	1028	141	881	1628	39
William Gowin	DNF	NA	NA	1629	38
Raphaelle Harvey	363	14	45	162	34
Adam Granoff	1192	155	1001	1630	38
Jason Graveline	383	65	336	1631	38
Mathieu Grenier	DNF	NA	NA	1632	38
Patrick Griffin	269	47	243	1633	37
Timothy Grinnell	538	85	469	1634	39
George Hade	530	82	461	1635	36
Shane Harrison	389	67	340	1636	39
Lee Hart	265	44	239	1637	39
Joshua Hayden	1158	151	972	1638	34
Toby Lee Heath	1292	170	1081	1639	39
Nicole Mikhael	1089	41	164	163	34
Jay Hickey	258	42	233	1640	38
Brian Hudson	1375	182	1139	1641	34
Hector Jimenez	656	99	571	1642	39
Brian Joseph	1270	167	1064	1643	38
Masataka Kakitsu	1407	188	1164	1644	35
Jeffrey Kamai	DNF	NA	NA	1645	38
Jeffrey Krempa	1062	146	908	1646	38
Andy Kronschnabel	101	17	92	1647	38
Dany L'Abbee	2141	237	1601	1648	35
Christophe Laborde	454	75	397	1649	35
Denis Laflamme	536	84	467	1650	37
Siu Lam	1549	198	1253	1651	35
Jean-Alexandre Lambert	1242	163	1041	1652	38
Kevin Lamoureux	1509	193	1229	1653	36
David Langen	174	28	158	1654	37
Daniel Lansen	1642	209	1312	1655	34
Scott Lavigne	471	77	413	1656	37
Tae Lee	1674	211	1331	1657	37
Kevin Lee Chip Hing	1039	143	890	1658	36
Sebastien Lehmann	DNF	NA	NA	1659	34
Karen Robb	307	8	32	165	34
Benoit Lemieux	453	74	396	1660	36
Alberto Lichtle	1783	218	1394	1662	35
Carlos Ling	1239	162	1038	1663	35
Andrew Lodge	1953	225	1488	1664	37
Goyos Luis	984	134	846	1665	38
Sean Lyons	1346	177	1120	1666	36
Marc Maccallum	1257	164	1052	1667	36
Jeremy Maciver	1613	206	1294	1668	36
Sean Maher	576	90	501	1669	36
Riccardo Mapelli	660	100	574	1670	37
Curt Mason	280	48	252	1671	36
Goran Matic	793	114	690	1672	38
Kenjiro Matsuo	2151	239	1605	1673	35
Michael May	1027	140	880	1674	38
Ian Mayberry	556	87	484	1675	39
Gregory Mckirryher	286	50	257	1676	38
Jeremy Mcnamara	185	31	169	1678	37
Benoit Menard	503	81	437	1679	38
Justine Waters	1070	40	158	167	30
Sherman Merritt	1359	179	1126	1680	36
Tom Michalski	1231	161	1031	1681	37
Frederick Michaud	998	138	857	1682	37
Gordon Milne	184	30	168	1683	34
Isaac Moreno Chavarria	1612	205	1293	1684	36
Ephraim Morris	708	108	615	1685	38
Pascal Nault	261	43	235	1687	38
Yui Nishimoto	DNF	NA	NA	1688	35
Louis-Philippe Noel	894	126	775	1689	37
Lindsay Cole	846	27	110	168	36
Frederic Nolin	202	33	185	1690	34
Jason Orsini	DNF	NA	NA	1691	36
Nicholas Osinski	1520	195	1234	1692	38
Nicholas Oswald	956	131	822	1693	37
Simon Ouellet	627	98	547	1694	37
Philip Panajon	1396	185	1154	1695	37
Patrick Pare	1289	169	1078	1696	36
Philippe Pare	1542	197	1249	1697	37
Christophe Patoux	74	13	70	1698	38
Andrew Pauls	1036	142	887	1699	38
Thomas Gerlach	DNS	NA	NA	16	35
Christophe Pelissier	DNF	NA	NA	1700	35
Christian Pelletier	1961	227	1492	1701	38
Jonathan Pelletier	DNF	NA	NA	1702	37
Matthew Perez	993	135	852	1703	39
Dmitry Pikman	498	80	434	1704	35
Etienne Pilon	1310	173	1096	1705	37
Gilbert Pinard	600	94	522	1706	39
Jaime Pineda	1946	223	1483	1707	36
Keven Plante	DNF	NA	NA	1708	37
Matthew Poole	30	3	28	1709	37
Lauren Groppi	500	14	65	170	37
Mark Powell	1391	183	1149	1710	38
Graham Powers	293	52	263	1711	36
Trevor Powers	981	133	844	1712	34
Andrew Pratt	2075	231	1562	1713	35
Jean-Francois Prevost	1756	215	1378	1714	39
Corby Purdy	844	121	735	1715	39
Andrew Quan	1486	192	1213	1716	36
Ryan Rabish	1111	148	939	1717	34
Christopher Rappold	1595	201	1281	1718	36
Greg Rashford	825	119	720	1719	37
Kim Kallas	DNF	NA	NA	171	37
Drew Reilly	1170	153	983	1720	36
Pix Reroma	2108	234	1581	1721	39
Luis Rivera	240	40	220	1722	38
Martin Roy	685	104	597	1723	38
Steven Rozic	678	103	591	1724	36
Jim Russell	1059	145	906	1725	37
Ambrose Schulte	353	61	311	1726	35
Andre Schunk	624	97	544	1727	39
Nicolai Siggel	40	5	38	1729	39
Allison Larochelle	207	4	18	172	37
Eric Silva	186	32	170	1730	36
Ryan Silver	1341	176	1119	1731	38
Olivier Simart	412	70	362	1732	35
Jason Singer	1550	199	1254	1733	38
Nick Sklavounos	1602	204	1288	1734	36
Chris Smith	1830	219	1420	1735	38
Peter Smith	1847	220	1428	1736	39
Ernest St-Pierre	97	14	88	1737	37
Jeremy Strampel	1214	160	1018	1738	38
Norman Strauss Iii	1204	158	1011	1739	36
Christine Ligocki	842	26	109	173	35
Keegan Stueck	148	24	133	1740	38
Elvis Stumbergs	1179	154	990	1741	34
Joseph Sullivan	236	39	216	1742	37
Michel Szabo	2129	235	1594	1743	38
Jonathan Tao	1762	216	1381	1744	36
David Tardif	119	21	109	1745	38
Dave Thorne	2017	228	1524	1747	38
Jeremy Thorud	869	124	754	1748	35
Frank Toce	1143	150	963	1749	38
Kristi Mccracken	673	20	87	174	35
Mani Tousi	696	107	605	1750	37
Michael Tranmer	782	112	684	1751	35
Paul Treiber	803	116	700	1752	36
Guillermo Tudela	1628	208	1302	1753	37
Adam Upshaw	374	63	328	1754	36
Andrew Upshaw	DNS	NA	NA	1755	37
Rodolfo Valades	1392	184	1150	1756	38
Jeremy Valeriote	57	9	54	1757	39
Matthew Valle	2028	229	1532	1758	36
Sebastien Vallee	203	34	186	1759	38
Mylene Quesnel	332	10	37	175	38
Philip Vayalumkal	1625	207	1301	1760	35
Jonathan Venne	1005	139	864	1762	35
Patrick Verhaar	809	117	705	1763	38
Harmon Walsh	884	125	768	1764	38
Geoffrey Walsky	1455	191	1197	1765	37
Johan Wehle	854	122	741	1766	34
Doug Welling	173	27	157	1767	36
Aaron Williams	407	69	357	1768	39
Immanuel Wineman	384	66	337	1769	38
Alexis Ressler	388	11	49	176	35
Peter Zelken	463	76	406	1770	35
Patrick Zinn	416	71	366	1771	36
Yan Allard	1896	309	1455	1773	40
Randall Andrews	1472	270	1206	1774	44
Robert Andrews	1917	311	1466	1775	43
Gustavo Angarita	2009	323	1519	1776	39
Greg Antolick	1112	222	940	1777	39
Hector Aragon	426	86	375	1778	41
Giles Atkinson	775	161	677	1779	43
Ginny Roma	1884	76	434	177	34
Jean-Philippe B. Gagnon	246	55	224	1781	41
Stephane Babineau	1072	216	914	1782	42
Cesar Barajas	1447	267	1193	1783	40
Michael Bassett	232	51	213	1785	40
David Belanger	1467	269	1203	1786	39
Frederic Belanger	1338	256	1116	1787	40
Jeff Bellavance	1253	240	1048	1788	NA
Benoit Benoit	319	63	286	1789	39
Brandi Venne	DNF	NA	NA	178	35
Fabien Bergeron	132	21	118	1790	44
Nicolas Bergeron	647	133	565	1791	40
Kevin Besner	1168	230	981	1792	43
Cristian Bieder	502	104	436	1793	39
Jean-Guy Billard	DNF	NA	NA	1794	43
Ghyslain Billette	1023	206	877	1795	40
Paul Blaik	1122	223	949	1796	42
Seth Blumerman	1083	219	921	1797	42
Sebastien Bolduc	415	83	365	1799	42
Nick Glavac	DNF	NA	NA	17	29
Joseph Borawski	1414	262	1169	1800	42
Joey P. Boudreau	1236	237	1035	1801	42
Jeff Bowles	1276	243	1068	1802	42
Tony Bowron	1159	227	973	1803	41
Bernardo Bremer	219	44	200	1805	40
Durwin Brennan	1296	248	1085	1806	43
Jason Buelow	1045	210	895	1807	40
Michael Burke	542	113	472	1808	40
Krystle Andrews	1054	25	153	180	39
Mark Cairns	1590	281	1277	1810	40
Ramiro Calderon	677	140	590	1811	40
Angus Calderwood	223	47	204	1812	41
Jamie Campbell	1295	247	1084	1813	41
Jason Campopiano	1945	314	1482	1814	43
Marc Capobianco	66	7	62	1815	42
Adam Carne	47	5	44	1816	42
Robert Casserley	499	103	435	1817	40
Andrew Castaldi	217	43	198	1818	41
Rene Chabot	1314	253	1098	1819	43
Darcey Bartel	1658	69	337	181	44
Steve Cipriani	1041	209	892	1820	40
David Cole	1246	239	1043	1821	42
Raymond Collins	420	84	369	1822	40
Chris Cook	366	74	321	1823	41
Randy Cooper	200	38	183	1824	41
Dennis Corkery	1367	259	1133	1825	40
Jonathan Couture	921	188	795	1826	43
Matthew Coyle	527	111	459	1827	42
Jeremy Crane	1056	214	903	1828	43
Dawn Cass	501	5	66	182	43
Michael Da Ponte	358	71	314	1831	44
Patrick Dalton	762	156	665	1832	40
Anh Dang	828	172	723	1833	42
Jeremy Daveau	666	137	580	1834	44
Christian Delarosa	2034	325	1533	1835	43
Pascal Delisle	1526	275	1239	1836	44
Kevin Denston	409	82	359	1837	43
Benoit Deragon	562	116	489	1838	41
Jean Francois Deshaies	631	130	549	1839	40
Simon Desjardins	1801	300	1402	1840	41
Jean-Francois Desrosiers	346	69	305	1841	41
Martin Desrosiers	1822	303	1415	1842	40
Huan Dinh	DNF	NA	NA	1843	43
Hugo Dominguez	2226	341	1645	1844	40
Ed Doucet	76	10	71	1845	41
Mathieu Dube	896	181	776	1846	41
Jocelyn Ducharme	903	184	782	1847	40
Daniel Dugan	1572	278	1265	1848	43
Renee Durgin	1044	23	150	184	NA
Joe Edmond	465	95	408	1850	40
Bill Ellsworth	834	174	727	1851	44
GT Erguiza	1645	287	1314	1852	41
Raymond Fabrizio	537	112	468	1853	43
Matt Farwell	739	150	643	1854	41
Erik Fasano	1186	233	995	1855	43
Antonio Fernandez	1037	208	888	1856	43
Jerome Feuiltault	674	139	587	1857	44
Ricardo Figueroa	450	92	394	1858	42
Chris Floerchinger	1275	242	1067	1859	42
Katherine Kay	544	7	71	185	43
Darryl Fonagy	195	37	178	1862	39
Harper Forbes	139	25	125	1863	42
Robb Fordham	488	100	427	1864	40
Ehsan Formuli	2233	343	1650	1865	42
Simon Fortier	510	107	444	1866	41
Vincent Fortin	432	89	381	1867	41
Joel Fournier	573	118	498	1868	42
Chris Fralick	137	23	123	1869	40
Heather Ketcham	1513	59	282	186	43
Jeff Freeman	479	99	420	1870	40
Sylvain Fromage	281	59	253	1871	42
Marc Gallant	607	123	527	1872	39
Francisco Gaytan	1086	220	924	1873	NA
Mark Gergely	1315	254	1099	1874	44
Brendan Giese	1313	252	1097	1875	40
Francis Gingras	1954	316	1489	1876	40
Dave Grange	DNF	NA	NA	1877	44
Daniel Gregory	422	85	371	1878	40
Benjamin Guillemin	178	33	162	1879	44
Angela Nelms	2182	131	562	187	41
Jose Guzman	1722	296	1358	1880	42
Michael Haid	546	114	475	1881	41
Ian Hall	555	115	483	1882	43
Scott Hankinson	276	58	248	1884	43
Jason Hansen	1286	245	1077	1885	40
Alireza Hashemi	2190	339	1625	1887	43
Rick Haughwout	DQ	NA	NA	1888	44
Ken Hawkins	1950	315	1485	1889	43
Sheila Treleaven	208	2	19	188	42
David Hebert	DNF	NA	NA	1890	40
Tobias Helbing	965	196	829	1892	40
Lloyd Henry	959	194	825	1893	41
Mark Heung	1052	212	900	1894	40
Jeff Hires	1813	302	1410	1895	42
Matthew Hobbs	343	67	303	1896	40
Art Hochthurn	988	198	848	1897	42
William Hornsby	1546	277	1251	1899	42
Donna Bernier	1771	49	385	189	45
Travis Hawkins	35	11	33	18	33
Joe Horvat	1620	285	1298	1900	41
Michael Hughes	1920	312	1468	1902	43
Andrew Hunter	1807	301	1405	1903	40
Takakazu Ito	1177	232	988	1904	41
Rainer Jabs	DNF	NA	NA	1905	43
Scott Jelliman	873	180	758	1906	41
Eddie Johnson	204	39	187	1907	41
John Josey	521	109	454	1908	40
Gaetan Jr Joyal	1418	263	1172	1909	43
Sarah Crane	916	12	126	190	47
Gonzalo Juarez	1780	298	1392	1910	39
Timothy Karch	1355	257	1125	1912	39
Said Karimzad	2232	342	1649	1913	43
Brian Keane	1852	306	1430	1915	40
Michael Kearins	871	179	756	1916	40
Michael Keeley	1490	272	1215	1917	42
Kevin Kelly	601	122	523	1918	41
Rob Kemp	1496	274	1219	1919	NA
Julie Guay	1989	63	481	191	49
David Kennedy	1903	310	1460	1920	39
Jeff Keyser	1798	299	1399	1921	41
James Kilgallon	1046	211	896	1922	43
Daniel Klein	1308	251	1095	1923	42
Cristiano Konofal	587	120	511	1924	39
Jay Konopka	1528	276	1241	1925	43
Bryan Krabbe	49	6	46	1926	41
Ted Kramer	1290	246	1079	1927	41
Sebastien Labranche	206	41	189	1928	40
Danny Lacasse	800	167	697	1929	42
Kelly Kingsfield	2080	71	518	192	47
Serge Laforge	105	17	96	1930	43
Marc Lafrance	228	49	209	1931	42
Pascal Lalancette	526	110	458	1932	40
Pascal Laramee	1020	205	875	1933	41
Marco Larochelle	779	163	681	1934	40
Eric Lazerson	1074	217	916	1935	41
Trevor Leboeuf	2113	332	1586	1937	42
Dany Lemay	773	159	675	1938	41
Alexander Lenz	1582	280	1273	1939	41
Felicia Long	1347	27	227	193	46
Sylvain Levaillant	616	126	536	1940	40
Iwan Levin	755	153	658	1941	43
Eric Lewis	777	162	679	1942	43
David Liddle	183	35	167	1943	42
Kar-Ming Lo	622	128	542	1944	44
Jonathan Loer	1665	293	1327	1946	43
Jose Lomonaco	138	24	124	1947	41
Thomas Long	729	148	634	1948	40
Mike Longo	999	200	858	1949	40
Kathy Crawford	1827	56	409	194	46
Aaron Losness	DNF	NA	NA	1950	44
Robb Lovell	DNS	NA	NA	1951	40
Manfung Mak	DNF	NA	NA	1952	42
Louis Malisani	759	154	662	1953	41
Colin Massulik	2097	331	1573	1955	41
Laurent Matic	1403	260	1160	1956	40
Jme Maxwell	943	192	810	1957	39
Aidan Mcconkey	303	61	272	1958	44
Neil Mcdermott	235	53	215	1959	41
Lesley Maisey	1444	28	254	195	46
Scott Mcgrath	310	62	278	1960	43
Corey Mckusick	237	54	217	1961	40
Michael Mcnerney	DQ	NA	NA	1962	41
Tom Meehan	2142	335	1602	1963	43
Patrick Melfi	1014	203	870	1964	43
Jason Mercer	2001	322	1516	1965	41
Eric Miller	920	187	794	1967	43
Noah Mitchell	1019	204	874	1969	41
Delphine Perie-Curnier	923	13	128	196	44
Nolan Mitchell	1260	241	1055	1970	43
Masashi Miyajima	2063	327	1553	1971	43
Greg Momotiuk	2011	324	1521	1972	44
Garry Monaghan	1126	224	953	1973	42
Luis Moran	1306	250	1093	1974	40
Pascal Morissette	642	131	560	1976	42
Jorge Moreno	658	136	573	1977	43
Chris Moss	234	52	214	1978	42
Vinicius Motta	1081	218	920	1979	40
Elisabeth Ruel	700	8	92	197	49
Shawn Muise	1167	229	980	1980	42
Michael Murillo	1230	235	1030	1981	44
William Murray	644	132	562	1982	40
Brian Musiak	1175	231	987	1983	40
Brian Muzas	2189	338	1624	1984	42
Sylvain Nadeau	104	16	95	1985	41
Jean-Sebastien Nault	596	121	518	1986	41
Jarrod Neeley	760	155	663	1987	43
Frank Neuman	1573	279	1266	1988	43
Jim Neusch	1994	321	1512	1989	44
Pattie Dalconzo	908	8	123	198	53
Craig Newell	DNF	NA	NA	1990	43
Arnez Nisperos	1692	294	1344	1991	44
Martin Ouellet	131	20	117	1994	42
Geoff Palmer	1218	234	1021	1995	40
Stefano Paoli	29	4	27	1997	41
Fabrice Paquet	344	68	304	1998	39
Jocelyn Pare	168	32	152	1999	43
Maria Eid	1464	27	263	199	52
Chad Holderbaum	11	9	11	19	36
Jordan Rapp	2	2	2	1	36
Nelson Pare	1651	290	1318	2000	42
Philippe Parent	617	127	537	2001	41
Stephane Parsons	1010	202	867	2002	40
Michel Paul	1335	255	1114	2003	42
Martin Pelletier	1825	304	1417	2004	42
Eric Perkins	997	199	856	2006	41
Kevin Perks	1235	236	1034	2007	44
Matt Perzanowski	937	190	804	2008	43
Grant Peterson	1606	283	1290	2009	40
Kamen Petrov	568	117	494	2010	42
Bing Phung	1883	308	1450	2011	40
Stephan Plamondon	714	145	621	2012	40
Teddy Portmann	1409	261	1166	2013	41
Martin Proulx	626	129	546	2015	42
Jonathan Puchalski	2205	340	1634	2016	44
Sean Quinn	952	193	818	2017	41
Albert Quisumbing	2127	334	1592	2018	40
Nicholas Raymond	932	189	800	2019	44
Denise Ramirez	524	5	68	201	50
Marc-Andre Richard	669	138	583	2020	44
Francois Rivet	1442	266	1190	2021	40
Denis Robitaille	684	142	596	2022	44
Norman Rohr	1132	225	955	2024	40
David Rose	748	152	651	2025	42
Steven Rosenthal	359	72	315	2026	43
Joseph Rossi	1976	319	1502	2027	40
Christopher Rotelli	849	176	738	2028	42
Phil Roucoulet	722	147	628	2029	44
Margaret King	480	1	60	202	55
Andreas Ruediger	2070	328	1559	2030	44
Stephen Rullo	1990	320	1509	2031	41
Michael Rumi	575	119	500	2032	42
Marius Rzucidlo	1093	221	928	2034	39
Jody Sanderson	109	18	100	2035	44
Martin Saumure	1635	286	1307	2036	43
Bruno Savard	368	75	323	2037	43
Frederic Savoie	469	96	411	2038	42
Michael Scarton	683	141	595	2039	44
Ryan Seeriram	1489	271	1214	2041	41
Christopher Shane	1617	284	1296	2043	41
Jim Shepardson	901	182	780	2044	44
Dany Simard	610	124	530	2046	44
Bradley Smith	802	168	699	2047	43
Brian Smith	491	101	429	2048	40
Michael Smith	DNF	NA	NA	2049	41
Teresa Nicolson	1568	11	306	204	57
Walter Soriano	767	157	670	2050	43
Yanick Soucy	182	34	166	2052	40
Zindine Souiki	360	73	316	2053	42
David Soukup	515	108	449	2054	44
Mark Spadoni	1440	264	1188	2056	43
Michael Strong	655	134	570	2057	41
Daniel Stuart	1002	201	861	2058	43
David Sykes	1237	238	1036	2059	44
Joanne Furu	2032	5	500	205	63
Hakim Telmat	1925	313	1470	2061	44
Rainer Torres	2062	326	1552	2064	40
Patrice Tremblay	113	19	104	2065	42
Alessandro Tronco	1648	289	1316	2066	42
Jason Trueman	829	173	724	2067	43
Jean-Philippe Turcotte	212	42	193	2068	42
Jeffrey Uchin	1144	226	964	2069	43
Lynda Neuman	2083	7	521	206	64
Ryan Vaart	428	88	377	2070	43
Bruno Vaillancourt	1285	244	1076	2071	40
Carl Vaillancourt	2072	329	1560	2072	40
Stephen Vaillancourt	856	178	742	2073	44
Hardus Van Vuuren	1301	249	1089	2074	40
Ben Vanmarcke	447	90	391	2075	40
Jacob Varghese	2124	333	1591	2076	42
Carl Veilleux	457	93	400	2077	40
Mendez Victor	787	164	687	2079	42
Charles-A. Beaulne	52	6	49	207	26
Joseph Wagnis	1064	215	910	2080	43
Andy Walsh	1165	228	978	2081	40
Rob Ward	737	149	641	2082	43
Robert Warwick	657	135	572	2083	42
Joel Watts	226	48	207	2084	39
Martin Weiss	1600	282	1286	2085	41
Jason Weppler	140	26	126	2086	40
Frank White	230	50	211	2087	42
Jeff White	473	98	415	2088	40
Simon Boies	238	29	218	208	28
Jay Wilgar	1029	207	882	2091	42
Ian Williams	774	160	676	2092	41
Daniel Yu	745	151	649	2095	40
Brian Zeppetelli	2152	336	1606	2096	42
Toby Zimmerman	2091	330	1568	2097	42
Kenji Fujisaki	1862	307	1436	2098	NA
Peter Abbatangelo	650	88	567	2099	45
James Bradshaw	1240	92	1039	209	29
Stephen Kilshaw	3	3	3	20	31
Rob Adriaanse	1032	147	885	2100	47
Bernard Albert	728	96	633	2101	47
Jean-Marc Alcaraz	2104	290	1578	2102	47
Troy Allaby	38	4	36	2103	46
Bruce Amm	1842	250	1426	2105	46
Brett Anderson	1196	173	1005	2106	44
German Aragon	1856	251	1432	2108	48
Mark Arsenault	550	74	479	2109	44
Nathan Briggs	196	26	179	210	29
Jean-Francois Asselin	424	57	373	2110	48
Ben Battaglia	878	123	763	2111	45
Martin Bedard	2037	275	1536	2113	45
Pavel Beliakov	2117	292	1588	2114	46
Scott Belote	2197	300	1629	2115	47
John Best	1432	205	1181	2117	44
Jarold Bilodeau	401	50	352	2118	45
Normand Blais	711	95	618	2119	49
Vincent Genereux	111	15	102	211	28
Anthony Blunt	1220	177	1022	2120	49
Roger Bolton	253	26	228	2121	46
Dave Brackett	661	89	575	2123	47
Kevin Braker	DNS	NA	NA	2124	49
Robert Brennan	2005	274	1517	2126	46
Ronald Brisson	1935	264	1477	2127	47
Marc Brousseau	156	16	141	2129	48
Aaron Grant	297	36	267	212	26
Stephane Burelle	1826	248	1418	2130	47
Shawn Burns	2131	294	1595	2131	49
Mark Campbell	1138	163	960	2132	48
Eric Carrier	DNS	NA	NA	2133	47
Clive Cartlidge	1458	210	1199	2134	45
Luc Champigny	1119	160	946	2135	49
Chris Chard	1893	257	1454	2136	45
Andrew Cherwenka	1397	199	1155	2137	45
Patrick Chillis	554	75	482	2138	47
Michael Chinea	865	120	750	2139	45
Mark Cohen	1793	245	1396	2140	49
Matthew Conroy	1114	158	942	2141	47
Brian Cook	1858	252	1434	2142	45
Marc Cote	671	90	585	2143	45
Michael Courson	393	47	344	2144	46
Dave Couture	1063	155	909	2145	45
Ray Craig	371	46	326	2146	45
Jason Crane	1255	181	1050	2147	45
Robert Crate	1930	263	1475	2148	47
Bryan Crisalli	2099	289	1575	2149	45
Felix Lefebvre	159	22	143	214	28
Martin Croteau	DNS	NA	NA	2150	47
Brian Crow	2216	303	1640	2151	45
Sam Crowell	875	122	760	2152	47
Cosmin Curechean	2092	285	1569	2153	47
John Daly	1115	159	943	2154	48
John Daly	1977	271	1503	2155	47
Trevor Davies	743	101	647	2156	48
Bryan Davis	1716	236	1355	2157	44
Mathew Dawson	DNF	NA	NA	2158	45
Tom Dawson	2230	306	1647	2159	48
Steve Lesser	167	23	151	215	29
Nick Dean	1952	265	1487	2160	45
Rommel Delarosa	602	83	524	2161	45
Bernard Delierre	1152	167	969	2162	46
Alain Delisle	256	27	231	2163	48
Stephane Despatie	1284	186	1075	2164	47
Erick Desrocher	2180	298	1619	2165	48
Steve Dohr	DNF	NA	NA	2167	48
Scott Dotson	DNF	NA	NA	2168	47
Mark Dregas	1141	165	962	2169	46
Trevor Maclean	746	70	650	216	29
Jeff Drinkle	DNF	NA	NA	2170	45
Karl Dufosse	945	135	812	2171	46
Michael Duncan	326	38	293	2172	49
Eric Dupuis	1146	166	965	2173	48
Patrick Durand	423	56	372	2174	48
Paul Egan	DNF	NA	NA	2176	49
Joe Elschner	1900	258	1458	2177	46
Josh Engroff	1664	230	1326	2178	47
Yanick Ferland	1476	211	1209	2179	44
Jason Pohl	18	2	17	217	25
Brent Finnamore	1031	146	884	2180	49
Philip J. Fischer	268	29	242	2181	45
Jean-Luc Fleurant	112	10	103	2182	46
Lucien Foster	1725	237	1360	2183	44
Mike Freire	394	48	345	2184	44
Allen Frye	1644	228	1313	2185	47
Gordon Fyfe	2212	302	1638	2187	45
Dominic Garofalo	1915	259	1465	2188	45
Nicolas Gavotti	504	65	438	2189	45
Olivier Sainte-Marie	62	8	59	218	28
Chad Gelderloos	2088	283	1566	2190	45
Scott Gleason	DNS	NA	NA	2191	48
Ian Godfrey	784	110	686	2192	46
Andrew Goss	857	118	743	2193	46
Jean-Pierre Goyette	1399	200	1157	2194	47
Stephane Gratton	DNF	NA	NA	2195	47
Nigel Gray	12	1	12	2196	45
Todd Greene	1007	143	866	2197	45
Steve Greulich	175	20	159	2198	45
David Grier	1234	179	1033	2199	49
Charles Thibault	68	10	64	219	28
Peter Kotland	53	12	50	21	44
Trey Gruber	1408	202	1165	2200	45
Joe Haimowitz	913	130	788	2201	48
Heljar Hansen	1880	255	1448	2202	45
Tom Hansen	1378	196	1142	2203	47
Patrice Harvey	519	66	452	2204	49
William Heid	DNF	NA	NA	2205	48
Kenneth Hill	1040	149	891	2207	47
Scott Hiller	1437	208	1185	2208	47
Viktor Vajda	513	51	447	220	26
Scott Holsten	609	84	529	2210	48
Alvin Hom	889	126	773	2211	46
Robert Hurley	581	78	506	2212	46
Brian Iaia	1981	272	1505	2213	48
Duane Iovanni	1697	233	1346	2214	44
Bruno Jean	1061	154	907	2215	48
Travis Jensen	733	98	637	2216	45
Arnie Johnston	1532	215	1243	2217	48
Jim Joly	870	121	755	2218	48
Frederick Jouin	298	33	268	2219	45
Robert Justo	929	132	798	2220	47
Greg Kalt	2110	291	1583	2221	46
Brian Karp	1393	198	1151	2222	45
Matthew Karp	1795	246	1397	2223	46
John Kelly	365	44	320	2225	44
Steven Kikkert	403	51	354	2226	45
Joseph Koplik	1262	183	1056	2227	48
Ken Koppenhaver	621	85	541	2228	47
Michael Kraskouskas	589	80	513	2229	46
Olivier Boilard	574	73	499	222	30
Kevin Kunkel	149	14	134	2230	45
Aaron Kwittken	1547	219	1252	2231	45
Christian Lachaussee	1263	184	1057	2232	45
Jamal Lacour	2093	286	1570	2233	46
Andre Lacroix	DNF	NA	NA	2234	48
Stephan Lafontaine	1457	209	1198	2235	47
Benoit Lajeunesse	1875	254	1444	2236	48
Christian Lalonde	2172	297	1617	2237	48
Jocelyn Lamarre	957	136	823	2238	46
Keith Lanigan	1919	260	1467	2240	47
Paul Lapinson	2227	305	1646	2241	45
Pascal Laverdure	966	138	830	2242	48
John Leddy	DNF	NA	NA	2244	48
Sylvain Leduc	2161	296	1612	2245	45
Guy Leibstein	643	86	561	2246	47
Chad Leinen	2065	278	1555	2247	49
Jeff Leisk	1524	214	1237	2248	45
Alain Lemire	333	39	296	2249	48
Joe Capen	231	40	212	224	32
Rob Lenois	421	55	370	2250	45
Richard Letourneau	1959	266	1490	2251	48
Aaron Levitt	DNF	NA	NA	2252	47
Matthew Levy	1710	235	1352	2253	45
Tony Lim	899	129	778	2254	44
Mark Lipson	1435	207	1183	2255	45
John Liu	1761	241	1380	2256	49
Russel Long	464	59	407	2257	49
Waldy Lopez Trabal	1352	193	1124	2258	45
Dave Loubier	1696	232	1345	2259	46
John Dao-Tran	362	53	318	225	31
Greg Lummis	78	7	73	2260	45
Chris Mackenzie	304	34	273	2261	49
Brad Marcus	977	140	841	2262	45
Jack Marmorstein	749	102	652	2263	47
Scott Marshall	730	97	635	2264	46
Daniel Martin	DNF	NA	NA	2265	47
Robert Martin	1634	226	1306	2266	48
Dominique Martinet	262	28	236	2267	48
Scott Dickie	48	10	45	226	33
Eric Mccabe	1922	261	1469	2270	44
Gary Mcgregor	808	112	704	2271	49
Scott Mcreynolds	1657	229	1321	2272	44
Karsten Mecklenburg	710	94	617	2273	49
Luis Mendes	1427	204	1178	2274	47
Stephen Miron	1874	253	1443	2275	48
Enda Moran	486	63	425	2276	47
Francois Moreau	2158	295	1609	2277	47
Francisco Moreno	1362	194	1128	2278	45
Robert Morse	356	43	312	2279	45
Thibaud Friess	DNF	NA	NA	227	31
Alfredo Navales	2086	281	1564	2280	45
Tj Neveldine	2218	304	1641	2281	45
John Newton	2089	284	1567	2282	46
Jocelyn Normandin	976	139	840	2283	48
Michael Oostman	1198	174	1006	2284	45
Keith Orni	754	103	657	2285	45
George Ostrander	681	92	594	2286	49
Patrick Pallois	282	31	254	2287	45
Jeff Papineau	1012	144	868	2288	47
Nicholas Paquette	DNS	NA	NA	2289	46
Rafael Galvan	191	33	174	228	33
Sean Paterson	1337	192	1115	2290	45
Patrick Moreau	1565	223	1261	2291	NA
Michael Paul	2067	280	1557	2292	46
Mario Paz	2095	287	1571	2293	45
Pavel Pekarsky	1964	268	1495	2294	48
Martin Pelletier	1140	164	961	2295	46
Robert Pereira	1291	187	1080	2296	45
Nollie Perez	1971	270	1499	2297	46
Roberto Perrone	806	111	703	2298	45
Gary Peters	1770	243	1386	2299	45
Derek Hanson	213	36	194	229	33
David Lacombe	DNF	NA	NA	22	31
George Peters	DNF	NA	NA	2300	49
Keith Phillips	2128	293	1593	2301	46
Massimo Plaino	468	60	410	2302	45
Pierre Plangger	534	68	465	2303	46
Christian Poire	676	91	589	2304	45
Claude Poirier	1982	273	1506	2305	48
Jose Postigo	2087	282	1565	2306	45
Stephane Poulin	1297	188	1086	2307	46
Joaquin Pujalte	1738	240	1367	2308	48
Satish Punna	197	24	180	2309	46
Jason Kasting	995	129	854	230	31
Steve Putman	DNF	NA	NA	2310	46
David Rainville	1258	182	1053	2311	48
Jorge Ramos	2196	299	1628	2313	46
Alain Rayes	836	115	729	2314	44
Alain Renaud	572	77	497	2316	49
Michael Ricci	434	58	383	2317	46
Robert Riley	1109	157	937	2318	45
Denis Riopel	545	72	474	2319	48
Guillaume Lavallee-Guay	DNF	NA	NA	231	32
Dominique Rivard	187	22	171	2320	44
Derek Rivers	1330	191	1110	2321	44
Loic Rochier	1050	151	898	2322	46
Raymond Rogers-Harrington	843	117	734	2323	45
Antonio Romero-Garcia	1929	262	1474	2324	46
Luc Roussel	1551	220	1255	2327	45
Tony Macias	904	117	783	232	34
Axel Ruiz	1254	180	1049	2330	45
Matt Rutig	1774	244	1389	2331	48
John Ryan	367	45	322	2332	45
John Sacra	1737	239	1366	2333	45
Ferris Salhab	1636	227	1308	2334	47
Pro Sarbadhikari	757	105	660	2335	45
Kevin Saunders	1120	161	947	2336	46
Chuck Schnell	321	37	288	2338	46
Brian Schwind	549	73	478	2339	47
Martin Parent	123	23	112	233	32
Manish Sharma	2043	276	1539	2340	NA
Matt Sheridan	1629	225	1303	2341	49
Jonas Shoor	694	93	603	2342	46
Brian Simpson	567	76	493	2343	46
Craig Skinner	1892	256	1453	2344	47
Craig Smith	1727	238	1361	2345	45
Donald Smith	1966	269	1497	2346	46
Jeffrey Smith	DNS	NA	NA	2347	46
Philip Smith	318	36	285	2348	NA
Scott Smith	1160	168	974	2349	49
Elliot-Olivier Pellerin	46	9	43	234	29
James Snipe	936	134	803	2350	48
Tim Sorensen	DNF	NA	NA	2351	49
Rick St. Onge	1166	169	979	2352	45
John Staudenmayer	1517	213	1232	2353	46
Artur Stec	987	141	847	2354	49
Thomas Steppling	1266	185	1060	2355	47
Daniel Stewart	143	13	128	2356	46
Chris Swanson	1055	152	902	2357	46
Viktor Tadijanovic	DNF	NA	NA	2358	44
Dominic Tardif	418	54	368	2359	48
Bryan Quinlan	DNF	NA	NA	235	33
David Taylor	2066	279	1556	2360	45
John Thiry	1380	197	1144	2361	46
Mike Toomey	1540	218	1248	2362	44
Tony Toson	DNF	NA	NA	2363	48
James Trammell	1560	221	1258	2364	48
Yanick Tremblay	1042	150	893	2365	48
Eric Tuck	1216	176	1020	2366	45
Yves Turcotte	1233	178	1032	2367	45
Robert Turner	227	25	208	2368	47
Simon Unterberg	756	104	659	2369	44
Evan Rudd	95	19	86	236	30
Eric Vaillancourt	1586	224	1275	2370	45
William Valantin	1767	242	1384	2371	46
Rene Valliere	736	100	640	2372	47
Marc Vermill	1426	203	1177	2373	48
Stephane Vinet	1401	201	1159	2374	47
Tom Vogel	1183	172	993	2375	45
Jonathan Vose	1057	153	904	2376	48
Stephen Walker	1073	156	915	2377	45
Steven Warden	928	131	797	2378	47
Scott Warren	1125	162	952	2379	47
Derek Sbrogna	209	35	190	237	34
Steve Watson	1182	171	992	2380	44
Steven Wilson	2208	301	1636	2383	49
Joe Wong	2098	288	1574	2385	46
John Yen	766	108	669	2387	46
Zane Zeeh	645	87	563	2388	45
Adam Zyskowski	1370	195	1135	2389	49
Tim Smith	19	3	18	238	32
Jim Adox	990	82	850	2390	49
Dan Andrus	1416	134	1171	2391	51
Warren Angell	553	42	481	2392	53
Brad Applegate	322	19	289	2394	54
Brad Arndt	171	10	155	2395	51
Jacques Aubin	DNS	NA	NA	2396	52
Sylvain Audet	815	69	710	2397	49
Michael Auer	1744	173	1370	2398	52
Patrick Autissier	DNF	NA	NA	2399	53
Salvador Teillery	558	70	486	239	33
Freddy Bailys	1601	155	1287	2400	53
Michael Barrientos	2231	221	1648	2402	52
David Baumgart	753	60	656	2403	53
Dave Benninger	1305	119	1092	2405	50
Christian Bergeron	709	54	616	2406	54
David Berry	1878	188	1447	2407	51
John Beurling	2055	203	1546	2408	54
Van Billops	2134	210	1597	2409	50
Jonathan Amistoso	295	53	265	240	35
Marc Bochner	1178	105	989	2411	50
Gaetan Boisvert	1877	187	1446	2412	51
Antoine Bose	1092	92	927	2414	53
Francois Bouchard	1299	117	1088	2415	53
Michel Bousquet	810	68	706	2416	50
Eric Brunelle	1094	93	929	2418	50
Michaelson Buchanan	613	44	533	2419	NA
Cedric Aspirault	1195	157	1004	241	36
Greg Buckley	1984	197	1507	2420	50
David Cappello	441	29	387	2421	53
Bill Caprio	1640	159	1310	2422	50
J Richard Carlson	1406	131	1163	2423	54
Stephane Cartier	1250	114	1045	2424	51
Verni Chavarria	1819	182	1414	2426	50
Dave Clark	770	63	673	2427	54
Rob Coffey	1133	100	956	2428	52
Keith Colter	876	74	761	2429	54
Jonathan Brault	296	54	266	242	36
Denis Comeau	817	70	712	2430	50
Alex Cooper	1482	143	1212	2431	54
Brian Cooper	482	35	422	2432	53
John Corrigan	1395	130	1153	2433	53
Stephane Cote	827	71	722	2434	53
Mario Coulombe	944	79	811	2435	52
Andrew Cunningham	1799	179	1400	2438	51
Richard Daley	324	20	291	2439	50
Benoit Duchesne	2102	232	1576	243	37
Daniel Dalphond	1631	158	1304	2440	53
Pierre-Yves Daoust	1229	113	1029	2441	53
Jean-Luc Daste	478	34	419	2442	51
James David	906	77	784	2443	49
Steven David	2137	212	1599	2444	54
Steve Davidson	1522	148	1236	2445	51
Sylvain Decary	1940	195	1479	2446	51
Vincent Desmarais	2201	219	1631	2447	53
Benoit Dionne	1021	87	876	2448	51
Drew Dobson	1129	99	954	2449	49
Matt Feltham	170	26	154	244	39
Henry Doerks	667	49	581	2450	53
Gilles Doire	552	41	480	2451	51
Dave Domek	2153	214	1607	2452	50
David Dorfman	1912	191	1463	2453	50
Keith Drayer	1803	180	1403	2454	51
Bobby Dweck	1609	156	1292	2455	49
Timothy Dwyer	1776	178	1391	2456	54
Saide Eid	DNF	NA	NA	2457	49
Gil Farkash	1733	170	1364	2458	50
George Fordyce	DNS	NA	NA	2459	52
Samuel Gager	725	109	631	245	39
Patrick Fortin	1365	127	1131	2460	49
Scott Fowlds	2244	222	1657	2461	54
Michael Frothingham	1069	91	912	2463	50
Jean-Pierre Gagne	255	14	230	2464	50
Sylvain Galarneau	1462	138	1201	2465	52
Louis-Pierre Gaudreau	1621	157	1299	2467	51
Francis Germain	1931	194	1476	2468	50
John Giguere	2049	202	1543	2469	54
Simon Gareau	662	101	576	246	39
Erik Gingles	1480	142	1211	2470	51
Massimo Giusti	DNF	NA	NA	2471	52
Robert Goldstein	2253	223	1663	2473	49
Bob Goyette	DNF	NA	NA	2474	51
Pedro Gracian	1927	192	1472	2475	51
Bruce Grant	1510	147	1230	2476	54
Bob Greenberg	1327	121	1108	2477	51
Bradley Griffith	1659	162	1322	2478	53
David Grover	1118	96	945	2479	50
Alain Gilbert	364	62	319	247	36
David Gradziel	474	78	416	248	34
Taylor Kallas	1405	187	1162	249	39
Eric Limkemann	6	6	6	24	34
Robert Lehr	560	89	488	250	35
Patrick Lopes	764	110	667	251	36
Matt Mauclair	107	18	98	252	38
Eric Milot	289	51	259	253	37
Francis Picard	283	49	255	255	35
Ian Quint	67	11	63	256	36
Nicklas Safstrom	451	73	395	257	39
Matthia Schianchi	DNF	NA	NA	258	36
Dave Sek	26	1	24	259	37
Bart Stevens	300	55	270	260	38
Jason Baldwin	962	195	826	261	40
Christian Belair	82	11	76	262	41
Mark Bollozos	1655	291	1319	263	41
Colin Campbell	835	175	728	264	NA
Mike Coughlin	357	70	313	265	43
Arthur Dembro	1660	292	1323	266	43
Sion Edwards	805	169	702	267	42
Yanick Filion	427	87	376	268	41
Christopher Fornal	614	125	534	269	41
Jerome Mceniry	77	13	72	26	26
Tim Gerry	27	3	25	270	42
Matthew Han	DNF	NA	NA	271	39
Michael Hickey	341	66	301	272	43
Kenny Johnston	189	36	173	273	42
David King	941	191	808	274	43
Andre Lapierre	221	45	202	276	40
Allen Lopez	222	46	203	278	43
Emmanuel Madrigal	DNF	NA	NA	279	43
Brendan Naef	664	14	578	27	40
Jesse Marquardt	151	29	136	280	43
Lucas Murnaghan	93	13	84	281	40
John Najarian	408	81	358	282	41
Kris Nisula	73	9	69	283	40
Ben Ouellette	DNF	NA	NA	284	40
Sebastien Picard	851	177	739	285	44
Brent Pilon	448	91	392	286	43
Sebastian Sanchez	379	77	332	287	40
Christopher Schulten	102	14	93	288	44
Cedric Sellin	205	40	188	289	40
Kyle Pawlaczyk	DNF	NA	NA	28	33
Crayton Simmons	813	171	708	290	42
Karel Sumbal	20	2	19	291	39
Robert Welsford	713	144	620	292	42
Armando Armellini	1537	216	1246	293	46
Steve Armstrong	334	40	297	294	45
Danny Bernier	490	64	428	295	48
John-Patrick Hui	892	127	774	297	44
Jeff Kingsfield	1834	249	1422	298	47
John Klukach	287	32	258	299	48
Romain Guillaume	DNF	NA	NA	2	31
Stephane Lavigne	598	82	520	300	46
Philip Middleton	410	52	360	301	46
Joey Randall	588	79	512	303	46
Benjamin Riordon	61	6	58	304	45
Andrew Rosenman	858	119	744	305	47
Steven Scoleri	1562	222	1259	306	44
Yann Sellin	DNF	NA	NA	307	46
Andrew G Smith	116	11	107	308	48
Chris Starcher	DNF	NA	NA	309	45
Scott Taylor	169	19	153	310	47
Steven Thompson	933	133	801	311	45
Dwayne Wheeler	882	124	766	313	47
Boguslaw Wojewodka	125	12	114	314	45
Richard Brown	765	61	668	316	52
Daniel Curnier	1304	118	1091	318	51
Jeff David	433	28	382	319	52
Marc Dionne	564	43	491	321	52
Glen Dipalma	406	23	356	322	50
Kenneth Green	278	16	250	323	50
Doug Hahn	516	39	450	324	50
Pierre Heynemand	32	2	30	325	49
Thierry Moncada	444	30	389	327	53
Andrew Quong	1124	98	951	328	53
Stuart Simon	925	78	796	329	51
Paul Stepler	1169	103	982	330	53
Brett Titus	108	5	99	331	53
Yves Dandurand	458	11	401	332	57
Kevin Drury	1616	64	1295	333	58
Marlin Kaufman	824	26	719	334	55
Peter Kavalus	680	19	593	335	57
Richard Krajewski	390	8	341	336	56
Stephen Mackey	533	13	464	337	56
Philip Marsden	1495	57	1218	338	58
Charles Meehan	1718	69	1356	339	58
Marc Parisien	1202	48	1009	341	58
Barrett Wells	1678	67	1333	343	54
Michel Gervais	509	6	443	345	63
Mike Luebeck	1508	18	1228	346	61
Turby Wright	578	8	503	348	62
Kevin Zepp	396	5	347	349	59
John Wragg	1987	6	1508	350	66
Howard Glass	DNF	NA	NA	351	75
Barb Nesbitt	1491	26	276	354	28
Danica Petre	2071	37	512	355	26
Marie-Helene Ratel	1282	19	209	356	27
Audrey Beauchamp	DNS	NA	NA	357	33
Amanda Burchert	1066	39	156	358	30
Chandra Capen	DNS	NA	NA	359	32
Mary Beth Ellis	16	1	1	35	39
Cristy Doll	DNF	NA	NA	360	31
Erin Hammond	841	31	108	361	30
Marie-Pier Hebert	790	29	102	362	31
Jacquelyn Macgregor	649	24	83	363	32
Diana Philipova	1723	71	365	364	30
Eve Tetreault	1425	55	249	365	32
Fanny Brodeur	245	5	22	366	37
Julie Charbonneau	1212	37	196	367	39
Ann Hammer	158	3	16	368	36
Gina Koertner	DNF	NA	NA	369	37
Amanda Stevens	250	7	23	36	39
Andrea Lewis	1624	63	324	370	35
Wendy Lopez	1593	60	314	371	38
Kristin Mullally	848	28	111	372	35
Sarah Collins	1589	66	313	373	41
Katie Davis	1933	106	457	374	40
Pastora Duran Martinez	1417	47	246	375	42
Chantal Gohier	934	15	133	376	40
Stacey Keyser	1503	58	280	377	44
Erin Lewyk	1734	81	370	378	42
Kory Mcdonald	1387	46	241	379	42
Kristen Mucitelli-Heath	1477	55	268	380	40
Stephanie Parent	727	10	95	381	40
Karen Sullivan	1060	26	154	382	43
Christine Vasseur	1866	98	427	383	42
Kirsten Bell	1792	54	397	384	46
Elizabeth Gann	1894	58	440	385	NA
Darcia Kmet	1154	22	185	386	48
Leslie O'Neil	706	9	93	387	45
Kristen Pauch-Nolin	1763	48	382	388	45
Kimberly Persiani	1791	53	396	389	45
Suzanne Rinehart	242	2	21	391	45
Susan Sotir	1782	50	389	392	48
Stephanie Stonich	1610	39	318	393	46
Kimberly Tully	1986	62	479	394	49
Lynn Cunningham	833	7	107	395	50
Nathalie Daigle	DNF	NA	NA	396	51
Sheila Foley	1080	14	161	397	51
Beth Holmes	1423	25	248	398	51
Holly Quasem	2171	65	555	399	50
Laurel Wassner	21	2	2	39	40
Matt Russell	DNF	NA	NA	3	33
Kim Raymond	1548	29	296	400	49
Page Ritter-Soule	DNF	NA	NA	401	51
Lynne Ross	1181	19	190	402	53
Lois Williams	960	12	135	403	53
Frances Hardwick	1011	3	144	404	58
Linda Lafrance	1300	7	212	405	55
Rachel Lapierre	2217	29	577	406	55
Barbara Laurens	1832	20	411	407	59
Maureen Paone	DNF	NA	NA	408	55
Margaret Valair	2168	28	553	409	57
Amber Ferreira	75	4	5	40	34
Debra Weier	DNF	NA	NA	410	62
David Farias	1608	38	1291	411	21
Jean-Philippe Menard	241	4	221	413	23
Carmine (Cj) Taglienti	244	5	223	414	23
Brandon Blincoe	1245	93	1042	415	26
Mathieu Comeau	742	68	646	416	28
Sean Corrigan	511	49	445	417	26
Henri Do	1015	84	871	418	29
Thibault Galouzeau De Villepin	150	20	135	419	26
Ryan Keller	1084	85	922	420	28
Lok Shun Ko	456	46	399	421	28
Alex Wright	301	37	271	422	28
Brian Carter	963	122	827	423	30
Jesse Edelsberg	400	61	351	424	30
Jeremy Gourd	1190	143	999	425	31
Danny Houle	679	91	592	426	34
Arnaud Jouanjean	84	16	77	427	31
Josimar Madrigal	877	115	762	428	30
Colin Martin	45	8	42	429	30
Katy Cargiulo	312	9	33	42	36
Gergely Nemeth	819	108	714	430	30
Nicolas Ponce	DNS	NA	NA	431	33
Robert (Bo) Rhonehouse	715	98	622	433	31
Steven Suggs	331	50	295	434	31
Brandon Throop	608	78	528	435	30
Michael Tuttle	1058	132	905	436	30
Matt Zubrowski	967	123	831	437	33
Cesar Cramton	1951	224	1486	439	39
Matthew Daley	28	2	26	440	38
Anthony Delegato	541	86	471	441	34
Michael Denis	618	95	538	442	38
David Duarte	1755	214	1377	443	36
John Evansky	771	111	674	444	38
Keith Kennedy	DNF	NA	NA	445	37
Josh Loveless	50	8	47	446	35
Jose Macias	1518	194	1233	447	38
Rob Mclean	440	72	386	448	35
James Phillips	99	15	90	449	39
Jessica Jones	64	3	4	44	38
Allan Slagle	2056	230	1547	450	35
Tenchi So	1348	178	1121	451	35
Yan Trottier	1162	152	976	452	37
Nicolas Aubree	507	106	441	453	43
Dominique Aubry	721	146	627	454	43
Matthew Blackmore	284	60	256	455	42
Lance Bredeson	165	31	149	456	42
Patrice Denis	459	94	402	459	43
Caroline Martineau	437	10	52	45	36
Jason Dewar	495	102	432	460	39
Christian Duchesne	902	183	781	462	42
David Durocher	17	1	16	463	43
David Genest	506	105	440	466	40
Trevor Goller	1492	273	1216	467	41
Patrick Gosselin	907	185	785	468	43
Daniel Goupil	DNF	NA	NA	469	42
Caroline St-Pierre	83	6	7	46	28
Dan Gradwell	398	80	349	470	44
Simon Guthrie	263	57	237	471	41
Federico Gutierrez	983	197	845	472	43
Rogue Hale	2188	337	1623	473	42
Mark Holmstrom	DNS	NA	NA	474	43
Dean Ives	377	76	330	475	43
Danny Laviolette	693	143	602	477	NA
Alexandre Mayers	DNS	NA	NA	479	43
Amy Vantassel	260	8	26	47	40
Jerome Nolette	88	12	81	481	40
Jean-Sebastien Pilon	794	166	691	482	41
Bartlomiej Pleszewski	DNF	NA	NA	483	42
Joe Priore	912	186	787	484	40
Steven Shaw	DNF	NA	NA	486	41
Stephane St-Cyr	103	15	94	487	44
Jose Villanueva	1751	297	1375	488	41
Chris Willer	1460	268	1200	489	41
Amanda Wendorff	79	5	6	48	36
Mark Alexander	477	61	418	490	NA
Phong Bui	958	137	824	491	45
Robert Burleson	595	81	517	492	48
J.Scott Burton	887	125	771	493	46
Kevin Capasso	397	49	348	494	48
Christopher Coleman	DNS	NA	NA	495	48
Coleman Cowan	535	69	466	496	46
William Crawford	DNF	NA	NA	497	47
Erik Dellasanta	192	23	175	498	44
Marc-Andre Desjardins	820	113	715	499	45
Chris Mcdonald	8	7	8	4	38
Marc Flageole	14	2	14	500	48
Gordon Henderson	90	9	82	502	44
Kevin Hughes	51	5	48	503	46
Jaime Jofre	1434	206	1182	504	48
John Labelle	532	67	463	505	47
Anthony Long	DNF	NA	NA	506	47
Vincent Mancini	1026	145	879	507	48
Craig Mchugh	277	30	249	508	47
David Moss	1669	231	1330	509	48
Robert Ouellet	761	107	664	510	46
Michel Pawlicz	778	109	680	511	48
Alexander Pena	1323	190	1105	512	49
Dan Persaud	1172	170	985	513	48
Kevin Phillips	543	71	473	514	45
Francois Rivard	411	53	361	515	46
Frederic Rousseau	484	62	424	516	45
James Simko	540	70	470	517	46
Christian Smith	1817	247	1413	518	47
Rob Strachan	840	116	733	519	45
Dushan Veljovic	166	18	150	520	45
Patrick Billette	154	8	139	521	50
Stephan Corti	431	27	380	522	51
Jocelyn Couture	1048	89	897	523	54
Terry Curley	1475	141	1208	524	53
Sylvain Dessureault	DNF	NA	NA	525	52
Eric Fayard	1223	110	1025	526	52
Harvey Foote	668	50	582	527	51
Michael Galliani	1474	140	1207	528	50
Benoit Giroux	1201	107	1008	529	51
Paul Lafontaine	1147	102	966	530	51
Pierre Lamarche	768	62	671	531	52
Alain Landry	971	81	835	532	52
Pierre Lavoie	24	1	22	533	52
David Lee	752	59	655	534	52
Martin Lussier	1173	104	986	535	51
Paul Martin	1415	133	1170	536	51
Brian Muldowney	1366	128	1132	537	49
Jeff Nicosia	1501	146	1222	538	52
Frank Poe	299	17	269	539	51
Mario Roch	1101	94	934	540	49
John Swabey	719	57	626	541	54
Daniel Williams	1675	164	1332	542	52
Christian Ahmarani	352	7	310	543	55
Sylvain Farand	964	38	828	544	56
Andrzej Kozlowski	216	3	197	546	56
Hubert Landry	697	20	606	547	55
Tony O'Keeffe	58	1	55	548	54
Juan Carlos Sanchez	940	35	807	550	55
Bryan Sheldon	1999	85	1515	551	59
Clint Steinhoff	DNF	NA	NA	552	57
Bernard Vallee	271	5	244	553	58
Jules Gagnon	DNF	NA	NA	554	62
Chris Manore	1410	17	1167	555	59
Gordon Pauls	968	9	832	556	62
Marcel Boily	DNF	NA	NA	557	65
Js Lefebvre	DNF	NA	NA	558	46
Caroline Chartier	DNF	NA	NA	565	20
Jessica Cooper	492	2	63	566	23
Nicole Dotson	2228	11	582	567	18
Rosalie Dufresne	1947	8	464	568	22
Melyssa Fortin	1155	4	186	569	19
Anne Hamilton	2175	10	557	570	24
Morgan Mcninch	466	1	58	571	24
Shannon Mulcahy	1388	6	242	572	23
Sarah Richard	1720	7	363	574	24
Elizabeth Russ	2245	12	588	575	22
Emily Schein	1344	5	225	576	22
Anik Tavares-Dagenais	2167	9	552	577	20
Meredith Willson	DNS	NA	NA	578	23
Julie Barrie	2195	40	568	579	25
Vanessa Bedard	926	14	130	580	27
Laure Bleau-Pregent	DNF	NA	NA	581	26
Emily Brooks	1381	23	237	582	26
Andrea Butchko	924	13	129	583	25
Lisa Cancglin	1131	17	177	584	29
Desiree Cappuccio	1210	18	195	585	28
Lara Chow	691	10	91	586	26
Kim Chretien	330	4	36	587	28
Sophie Daste	605	8	79	588	25
Andrea Delgado	1814	32	404	589	29
Matthew Gentile	259	56	234	58	44
Jessica Eidinger	DNS	NA	NA	590	27
Caroline El Sanadi	1717	30	362	591	29
Holly Goodman	373	7	46	592	25
Marie-Laurence Goyette	1459	25	260	593	25
Maggie Hamilton	2174	38	556	594	28
Jessica Hanschell	1714	29	360	595	27
Brooke Hartley	1402	24	243	596	26
Katie Kurtessis	1329	21	220	598	26
Nicolas Lavoie	741	67	645	599	26
Jeanpaul Poitras	758	106	661	59	48
Paul Ambrose	5	5	5	5	32
Stephanie Lefkowitz	1905	33	444	600	28
Katherine Makrissopoulos	2192	39	566	601	24
Mallory Maynard	1653	28	335	602	29
Theresa Mellas	1777	31	386	603	29
Gretchen Neureuter	DNF	NA	NA	604	27
Mamiko Noguchi	895	12	120	605	28
Edith Pepin	128	2	13	606	29
Camille Perreault	1009	15	143	607	29
Alisha Perron	2000	36	485	608	27
Valerie Sanche	355	6	44	609	26
Paul Dauber	716	55	623	60	53
Corrine Schlabach	337	5	39	610	27
Maria Smith	1993	35	482	611	NA
Megan Sulezich	1584	27	310	612	27
Catherine Trainor	1973	34	474	613	27
Ashley Varga	1324	20	219	615	27
Amy Varner	1361	22	234	616	29
Jennifer Abbott	1899	79	442	617	32
Lindsey Acampa	345	12	41	618	31
Michael Ochstein	822	25	717	61	56
Michelle Allen	1451	56	257	620	32
Rachel Allen	1357	51	232	621	32
Lauren Anneberg	1958	82	469	622	33
Christine Appleby	1879	77	432	623	34
Patricia Arcand	551	19	72	624	34
Amanda Benoit	890	34	117	625	33
Tracy Berman	855	33	114	626	33
Adrianne Brakefield	1662	67	338	627	32
Jennifer Brodeur	446	16	56	628	32
Susannah Brouwer	1128	45	175	629	34
Stephen Redwood	675	18	588	62	58
Tara Caley	950	37	134	630	32
Evelyne Cardinal	1485	60	273	631	29
Jamie Celentano	1804	74	401	632	31
Michelle Chartrand	1095	42	166	633	31
Mylene Cloutier	2130	92	536	634	33
Shannon Coates	351	13	42	635	30
Bethany Coleman	1985	84	478	636	34
Deidre Cullen	336	10	38	638	30
Ashley Dart	1473	58	267	640	31
Edith Delorme	1790	73	395	641	32
Melissa Fortin	1288	49	211	643	33
Vanessa Foster	1967	83	470	644	30
Krista Gager	922	36	127	646	32
Kiersten Gagnon	DNF	NA	NA	647	30
Elizabeth Gallacher	2207	96	572	648	33
Alexandra Garner	731	27	96	649	30
Kandis Gibson	2140	93	540	650	34
Sarah Gilchrist	1566	63	305	651	30
Anabelle Gosselin	1695	69	351	652	34
Michelle Halde	2177	95	559	654	30
Gillian Hansen	DNS	NA	NA	655	33
Maude Hebert	1759	72	381	656	32
Katie Higginbothom	1319	50	217	657	34
Kelsey Holden	1099	43	167	659	32
Jed Vanichkachorn	347	42	306	65	47
Darci Holland	1576	64	309	660	34
Anne Hospod	DNF	NA	NA	661	33
Deanna Hudgins	1535	62	291	662	34
Julie Jenkins	DNF	NA	NA	663	33
Lyndsay King	2079	88	517	665	32
Christine Krueger	539	18	70	667	30
Laura Kuchmaner	2081	89	519	668	33
Carolyne Lemieux	1955	81	466	669	31
Mark Watt	320	64	287	66	42
Michelle Lipira	1637	66	329	670	32
Heather Low	130	2	14	671	30
Kristin Maruszewski	1907	80	446	673	31
Kathleen Materiuk	2004	85	488	674	31
Katy May	591	22	77	675	31
Tara Mcwilliams	561	20	73	679	30
John-Kelly Warren	348	22	307	67	51
Sara Meyers	1248	47	205	680	30
Angela Norcross	2105	90	527	682	33
Margaret O'Connor	566	21	74	683	30
Jennifer Pan	831	30	106	684	NA
Beth Pantzer	DNF	NA	NA	685	30
Christina Parent-Blais	DNF	NA	NA	686	30
Lindsey Parr	594	23	78	687	31
Jessica Pic	2039	87	502	688	30
Grace Pietsch	2143	94	541	689	34
John Thurrott	1091	42	926	68	54
Josie Pilon	2026	86	496	690	32
Caitlin Potratz	1383	52	238	691	31
Edith Provencher	339	11	40	692	33
Laura Pus	1885	78	435	693	33
Amanda Race	DNF	NA	NA	694	31
Daniella Racer	1851	75	422	695	31
Mylene Rioux	376	15	47	696	34
Carolyn Rohde	1603	65	315	697	30
Christelle Roy-Corbin	2210	97	574	698	31
Erica Sabatino	1287	48	210	699	30
Cinthia Sanchez Peralta	1130	46	176	700	32
Laura Sanhueza-Miller	682	25	88	701	32
Diana Santa Maria	1721	70	364	702	30
Lacey Schmidt	1465	57	264	703	30
Robin Seila	1677	68	345	704	33
Jaimie Short	2119	91	530	705	31
Allie Silverman	233	4	20	706	33
Nadia Sparrow	893	35	119	707	30
Kate Spellen	720	26	94	708	31
Beth Stephens	852	32	113	710	30
Megan Strater	329	9	35	711	32
Andrea Sweny	120	1	11	712	32
Lauren Tingwall	251	5	24	714	32
Lindsay Troilo	1025	38	147	715	33
Despina Tzemis	1871	76	430	716	30
Danielle Upshall	DNF	NA	NA	717	33
Jennifer Vaillancourt	489	17	62	718	34
Lily Wong	1413	54	245	719	32
Adam Beamer	292	44	262	71	33
Lauren Wooley	1127	44	174	720	34
Erin Wylds	1512	61	281	721	33
Kittredge Zuk	1479	59	269	722	33
Amanda Adcock	1018	31	145	723	37
Nikki Agostinelli	1956	84	467	724	NA
Ashley Aimone	785	23	99	725	35
Danielle Alderman	1914	80	450	726	39
Charlotte Alexander	1555	58	299	727	34
Annie-Claude Bergeron	606	18	80	728	38
Julie Bergeron	1731	67	368	729	37
James Dinardo	695	106	604	72	37
Lisa Boice	1232	38	201	730	35
Beth Bosiak	1164	35	187	731	36
Tiffany Brown	2203	96	571	732	37
Jennifer Butler-Cole	1998	89	484	733	35
Christina Caron	1845	74	419	734	34
Pam Chesterfield	2057	91	510	735	35
Melanie Correia	2077	92	515	736	36
Christina Cracolici	2235	98	584	737	38
Sandra Cunha	DNF	NA	NA	738	35
Gabriela Deangelo	1139	34	179	739	39
Jonathan Fecteau	1034	148	886	73	49
Nicole Delaney	1454	47	258	740	38
Annick Desrosiers	1385	45	239	741	37
Sheri Dubreuil	1797	72	399	742	37
Kelli Dunn	1622	62	323	743	36
Sherilyn Falconer	1487	52	274	744	39
Vicki Findley	1468	50	265	745	35
Natalie Fitton	1676	66	344	746	36
Jamie Fornek	1972	86	473	747	39
Hannah Fraser	273	8	28	748	34
Christine Freda	1200	36	193	749	37
Melissa French	DNF	NA	NA	750	35
Valerie Gagnon	DNS	NA	NA	751	36
Kelly Gardiner	905	30	122	752	39
Chantal Gauthier	1741	69	373	753	38
Careesa Gee	2138	94	539	754	36
Diana-Nicole Gerritsen	1321	40	218	755	38
Heather Gill	788	24	101	756	38
Erica Govan	452	13	57	757	38
Stephanie Granlund	1353	43	229	758	35
Katherine Gurd	1978	87	475	759	39
Oliver Schupp	317	35	284	75	47
Julie Halle	689	21	90	760	35
Bonnie Hart	1356	44	231	761	35
Natalie Hart	1484	51	272	762	37
Mariya Hristova	1740	68	372	763	35
Heather Hudson	1909	78	448	764	35
Erika Kallianos	1932	81	456	766	34
Maggie Kelley	252	6	25	767	38
Vicky Lahaie	528	15	69	768	34
Valerie Lalancette	584	17	76	769	39
Kopi Vogiatzis	1538	217	1247	76	46
Sara Lappano	2015	90	493	770	36
Jill Lasseter	659	19	86	772	35
Genevieve Lessard	1351	42	228	773	36
Jinny Marcotte	1938	83	460	774	39
Carly Marquardson	DNS	NA	NA	775	38
Kristi Mason	1067	32	157	776	35
Katherine May	1611	61	319	777	38
Kyle Mcclintock	1787	71	393	778	35
Jennifer Menard	1646	65	332	779	35
Peter Zippelius	225	38	206	77	37
Valerie Michalk	1545	57	295	780	37
Emma Miller	1274	39	208	781	38
Jeanne Morency	DNF	NA	NA	782	35
Debbie Morin	DQ	NA	NA	783	38
Lee Moynihan	302	9	31	784	38
Valerie Nantel	1895	77	441	785	35
Angela Nardella	1639	64	330	786	35
Mary Kate Noble	DNF	NA	NA	787	39
Lauren Oostman	1754	70	378	788	37
Marie-Andree Pedneault	1334	41	221	789	35
Gregory Miller	1024	40	878	78	56
Sarah Poplawski	891	29	118	790	38
Kelly Powers	2147	95	545	791	37
Michele Rathe	2222	97	580	792	35
Erin Reep	DNF	NA	NA	793	35
Francesca Ricci	1957	85	468	794	36
Amy Robitaille	571	16	75	795	37
Marie-Eve Royer	1456	48	259	796	NA
Jennifer Saunders	1412	46	244	798	36
Sherry Shaban	1911	79	449	799	36
Jean-Claude Fontaine	350	3	309	79	63
Paul Matthews	4	4	4	7	33
Erin Shippee	1516	55	285	800	39
Christa St. Cyr	1988	88	480	802	37
Karine St-Gelais	1533	56	290	803	35
Emilie St-Jean	1090	33	165	804	35
Nicole Stockey	747	22	97	805	35
Kelly Sullivan	1881	75	433	806	37
Ellen Tarquinio	811	25	105	807	36
Wendy Tokach	DNF	NA	NA	808	38
Renee Towne	1575	59	308	809	35
Kim Verrier	DNF	NA	NA	810	39
Josie Vitale	1936	82	459	811	36
Brianne Vogan	1461	49	261	812	36
Lindsay Waibel	1494	53	277	813	37
Ashley Weaver	2094	93	524	814	37
Sarah Weind	1514	54	283	815	39
Kelly Yeomans	438	12	53	817	36
Heather Ackerly	2006	111	489	819	39
Amy Avila	1312	41	216	820	42
Becky Azia	1431	50	251	821	42
Bonnie Bassett	2003	110	487	822	41
Elizabeth Bassett	1812	88	403	823	40
Karen Bedard	1369	44	235	824	44
Carol Bedley	1970	109	472	825	41
Tracy Belote	2165	128	551	826	42
Julie Berthiaume	1711	77	359	827	44
Xi Chen	1789	117	1395	828	25
Tiffany Birkett	1261	37	206	829	42
Julia Borgan	1887	101	437	830	40
Melanie Bourdon	1752	83	377	831	41
Agnes Bureau	DNF	NA	NA	833	40
Samantha Capobianco	1197	35	192	834	44
Katherine Caprio-Burgoyne	1943	107	463	835	43
Marie-Eve Carre	1715	78	361	836	40
Cynthia Castonguay	1786	85	392	837	40
Jennifer Charters	2146	125	544	838	44
Lisa Christensen	DNF	NA	NA	839	42
Larry Rodman	826	114	721	83	47
Kelly Clark	1694	75	350	840	43
Charlotte Clews	1049	24	152	841	41
Kate Cochran	879	14	116	842	41
Beth Connelie	1869	99	429	843	39
Kristy Cordeiro	DNF	NA	NA	844	42
Nicole Coulombe	DNF	NA	NA	845	43
Lauren Darienzo	2221	134	579	846	40
Martine Daudelin	1433	51	252	847	44
Maya Davidow	1103	29	169	848	41
Laura Difelice	1443	52	253	849	42
Michael Dreyer	1497	212	1220	84	46
Kristie Dodge	2238	136	586	850	42
Karine Dumont	1309	39	214	851	41
Isabelle Dumontet	1843	93	417	852	43
Jennifer Feeney	1483	56	271	855	44
Linda Fijol	1471	54	266	856	42
Taryn Fimiani	1079	28	160	857	40
Sherry Fitzgerald	1429	49	250	858	42
Nadia Fortier	1105	30	170	859	39
Eric Hoberman	791	165	689	85	40
Heather Freeman	2185	132	564	860	40
Lisanne Gadoury	1818	89	405	861	42
Julie Gadreau	772	11	98	862	40
Priscillia Gagne	2007	112	490	863	41
Nicole Ann Garofalo	2050	117	507	864	43
Karin Getz	2040	115	503	865	40
Catherine Goineau	861	13	115	866	41
Nicole Goller	DNF	NA	NA	867	44
Lori Goodfellow	2229	135	583	868	41
Diana Grant Waskawich	2125	121	534	869	40
Michael Jensen	472	97	414	86	41
Melanie Gregory	1554	63	298	870	40
Natalie Greig	1358	43	233	871	43
Fanny Grenier	986	20	140	872	41
Kathleen Guay	985	19	139	873	42
Marie-Helene Guevin	2069	118	511	874	44
Nicole Harder	2252	137	590	875	44
Kim Hawkins	DNF	NA	NA	876	44
Kris Helwer	1303	38	213	877	43
Andrea Hillman	2078	119	516	878	44
Debbie Hires	1750	82	376	879	42
Trevor Myshrall	1529	196	1242	87	35
Sarah Hobson	2046	116	506	880	41
Suzanne Iovanni	1615	67	321	881	43
Aileen Isidoro	DNF	NA	NA	882	44
Christine Kaegi	979	17	137	883	43
Kathryn Katsiroumpas	1729	79	367	884	43
Christine Keating	651	8	84	885	42
Amy Kirkpatrick	2176	130	558	887	43
Amy Knibb	1794	86	398	888	39
Christine Kochaniec	1921	105	453	889	40
Paula Koss	1670	70	340	890	43
Catherine Lacoste	518	6	67	892	43
Roxanne Lafond	1022	21	146	893	43
Marie-Eve Lamontagne	1563	64	304	894	40
Isabelle Landry	439	3	54	895	43
Rachel Lauziere	1901	102	443	896	41
Dawn Leblanc	2012	113	491	897	NA
Jennifer Lorusso	1552	62	297	899	40
Marcia Scott	2209	67	573	89	53
Christine Lyons	DNF	NA	NA	900	41
Heidi Maldonado	DNF	NA	NA	901	44
Nikki Marks	1463	53	262	903	42
Karine Marquis	1699	76	353	904	39
Julie Martens	127	1	12	905	41
Sylvia Matic	DNF	NA	NA	906	41
Nadia Mattar	1839	92	416	907	41
Gail Mercer	DNF	NA	NA	908	41
Paola Miller	2187	133	565	909	40
Roger Nelson	938	33	805	90	57
Jean Michele Moore	1515	60	284	910	42
Genevieve Morneau	1685	74	348	911	44
Kristine Mulrooney	1886	100	436	913	41
Heather Neeley	1682	73	347	915	42
Charlotte Newbury	792	12	103	916	39
Sue Norquay	2149	126	546	917	41
Shelley O'Bright	DNF	NA	NA	919	44
Camilo Kejner	1840	305	1424	91	NA
Colleen Ouwendyk	1149	33	183	921	41
Nancy Ovitt	1908	103	447	922	43
Fabienne Parente	1854	96	423	923	43
Tracy Pierce	DNF	NA	NA	924	44
Adriana Pineda	1107	31	172	925	40
Carolyn Piper	1861	97	426	926	40
Megan Porter	DNF	NA	NA	927	NA
Adrienne Powell	1732	80	369	928	42
Martine Proulx	1077	27	159	929	40
Nashwa Rafla	2144	124	542	930	40
Isabelle Ratelle	1764	84	383	931	44
Janis Rau	982	18	138	932	40
Leah Reinberger	1421	48	247	933	40
Jessica Reiss	1916	104	451	934	40
Jessica Reissig	1342	42	223	935	40
Kim Renaud	1543	61	294	936	44
Kate Rheault	653	9	85	938	41
Staci Richards	1835	90	413	939	41
Vanessa Rochester	1968	108	471	942	39
Claudia Rochon	2014	114	492	943	40
Rachel Rodney	1247	36	204	944	41
Paola Ronquillo	DNF	NA	NA	945	41
Randee Roucoulet	2082	120	520	946	43
Nyree Roviellomeadows	2133	123	537	947	42
Caroline Samson	1311	40	215	948	44
Stacey Sarnecki	2126	122	535	949	42
Tara Scarangelli	1588	65	312	950	43
Denise Schultz	1488	57	275	951	42
Monica Slagle	DNF	NA	NA	952	40
Julie Speck	1671	71	341	953	43
Patricia Spencer	DNF	NA	NA	954	44
Angela Sproles	1145	32	181	955	40
Kristy Staples	961	16	136	956	40
Doneen Swart	1184	34	191	958	43
Melissa Sykes	1372	45	236	959	43
Shelley Thompson	DNF	NA	NA	960	40
Megan Townsend	2156	127	549	961	44
Carrie Treadwell	2170	129	554	962	40
Jeanne-Evelyne Turgeon	1033	22	148	963	42
Erika Vermill	1844	94	418	964	41
Heidi Watson	1802	87	400	965	44
Sarah Watts	1850	95	421	966	43
Shannon Winston-Goewey	1672	72	342	967	40
Shelley Wood	1627	68	326	968	41
Sharon Zeigler	1836	91	414	969	40
Nathalie Audet	2162	79	550	970	45
Melody Balane	1570	37	307	971	46
Angela Bancroft	118	1	10	972	46
Pamela Beckwith	1082	16	162	973	48
Margaret Britton	2025	65	495	975	49
Karen Brown	1757	47	379	976	46
Gina Calleo	2002	64	486	978	44
Stephanie Doyon	DNF	NA	NA	97	22
Tammy Carignan	2029	66	497	980	45
Karen Charpentier	DNF	NA	NA	981	48
Corinne Chevarier	1523	34	287	982	48
Dawn Cobak	1519	33	286	983	45
Kelly Collins	898	11	121	984	47
Maria Cox	DNF	NA	NA	985	47
Melissa Crane	1008	15	142	986	45
Jennifer Denomy	1654	41	336	988	45
Laura Desimini	2239	87	587	989	44
Sarah Casaubon	91	1	9	98	29
Kasia Doherty	1243	24	202	990	47
Julie Dumouchel	1585	38	311	991	46
Katie Eddins	1726	46	366	992	46
Risa Engel	2183	81	563	994	47
Eliana Themistocleous	1499	31	278	995	49
Brenda Forgues	2033	67	501	996	48
Helene Gagnon	1106	18	171	997	46
Isabelle Gelinas	1481	30	270	998	45
Katie Gerry	850	10	112	999	45
Holli Finneren	630	9	82	99	29
Vctor Del Corral	9	8	9	9	36
